title,primary_field,1900,1905,1910,1915,1920,1925,1930,1935,1940,1945,1950,1955,1960,1965,1970,1975,1980,1985,1990,1995,2000,2005,2010,2015,2020,score_sum,total_years_pub,time_weighted_score
Molecular cloning : a laboratory manual,Biology,,,,,,,,,,,,,,,,,,,4.06,4.71,4.85,4.66,4.38,4.08,3.72,6988.295,8,873.537
Protein Measurement with the Folin Phenol Reagent,Chromatography,,,,,,,,,,,,,1.41,2.59,3.22,3.54,3.61,3.52,3.33,3.1,2.86,2.62,2.4,2.2,2.0,9913.034,14,708.074
Cleavage of Structural Proteins during the Assembly of the Head of Bacteriophage T4,Biology,,,,,,,,,,,,,,,,0.88,2.48,3.3,3.68,3.68,3.48,3.25,3.01,2.78,2.54,4806.808,11,436.983
A rapid and sensitive method for the quantitation of microgram quantities of protein utilizing the principle of protein-dye binding,Chromatography,,,,,,,,,,,,,,,,,,3.02,3.66,3.8,3.72,3.56,3.37,3.17,2.91,2605.696,9,289.522
A short history of SHELX,Crystallography,,,,,,,,,,,,,,,,,,,,,,,4.5,5.02,4.64,1132.296,4,283.074
A mathematical theory of communication,Computer Science,,,,,,,,,,,,,,,,,,,,,,4.41,4.39,4.27,3.95,1021.818,5,204.364
CRC Handbook of chemistry and physics,Library science,,,,,,,,,,,,,,,,,,,,3.62,3.81,3.83,3.74,3.56,3.27,1336.046,7,190.864
Numerical Recipes in C: The Art of Scientific Computing,Computational science,,,,,,,,,,,,,,,,,,,,2.91,3.54,3.73,3.72,3.56,3.27,1251.564,7,178.795
Physics of Semiconductor Devices,Electronic engineering,,,,,,,,,,,,,,,,1.35,2.3,2.65,2.83,2.85,2.83,2.73,2.62,2.48,2.27,1921.015,11,174.638
International Tables for X-Ray Crystallography,Crystallography,,,,,,,,,,,,,,1.22,2.58,2.83,2.84,2.77,2.76,2.66,2.51,2.33,2.14,1.96,1.79,2251.276,13,173.175
Principles of optics,Applied mathematics,,,,,,,,,,,,,,,,,,3.67,3.57,3.47,3.34,3.2,3.06,2.87,2.62,1513.527,9,168.17
Quantum Computation and Quantum Information,Quantum simulator,,,,,,,,,,,,,,,,,,,,,,3.46,4.21,4.14,3.82,781.962,5,156.392
Computers and Intractability; A Guide to the Theory of NP-Completeness,Computer Science,,,,,,,,,,,,,,,,,,,,3.31,3.52,3.56,3.54,3.48,3.21,1090.723,7,155.818
The nature of statistical learning theory,Unsupervised learning,,,,,,,,,,,,,,,,,,,,,,3.35,4.09,4.12,3.83,755.772,5,151.154
SINGLE STEP METHOD OF RNA ISOLATION BY ACID GUANIDINIUM-THIOCYANATE-PHENOL-CHLOROFORM EXTRACTION,Biology,,,,,,,,,,,,,,,,,,,,3.33,3.83,3.79,3.59,3.35,3.06,1041.253,7,148.75
Nonparametric Estimation from Incomplete Observations,Sampling,,,,,,,,,,,,,,,,,1.26,2.12,2.61,2.8,2.85,2.83,2.76,2.64,2.44,1419.192,10,141.919
Genetic Algorithms in Search  Optimization and Machine Learning,Genetic programming,,,,,,,,,,,,,,,,,,,,2.03,3.15,3.47,3.56,3.45,3.18,987.965,7,141.138
Table of integrals  series and products,Table,,,,,,,,,,,,,,,,,,3.09,3.15,3.15,3.16,3.1,2.98,2.82,2.58,1258.891,9,139.877
Conduction of heat in solids,Heat kernel,,,,,,,,,,,,,,2.42,2.7,2.82,2.8,2.73,2.62,2.48,2.33,2.18,2.03,1.89,1.73,1760.094,13,135.392
DISC ELECTROPHORESIS ÛÒ II METHOD AND APPLICATION TO HUMAN SERUM PROTEINS*,Biology,,,,,,,,,,,,,,,,,,,,,,,4.64,4.27,3.88,540.368,4,135.092
Boundary-layer theory /,Classical mechanics,,,,,,,,,,,,,,,,,,,,,,4.38,4.12,3.86,3.54,659.255,5,131.851
DNA sequencing with chain-terminating inhibitors,Sequencing by hybridization,,,,,,,,,,,,,,,,,,,2.82,3.51,3.59,3.42,3.19,2.96,2.71,1031.657,8,128.957
Statistical principles in experimental design,Multifactor design of experiments software,,,,,,,,,,,,,,0.38,2.35,2.86,2.94,2.84,2.7,2.51,2.33,2.15,1.99,1.84,1.68,1670.661,13,128.512
Silicon Processing for the VLSI Era,Materials Science,,,,,,,,,,,,,,,,,,,,2.94,3.81,3.77,3.5,3.2,2.9,871.121,7,124.446
Constitution of Binary Alloys,Chemistry,,,,,,,,,,,,,,1.66,2.42,2.83,2.85,2.77,2.65,2.49,2.32,2.15,1.98,1.82,1.66,1592.985,13,122.537
The nature of the chemical bond,Chemical state,,,,,,,,,,0.46,1.23,1.85,1.99,2.09,2.15,2.14,2.05,1.94,1.83,1.71,1.59,1.48,1.38,1.28,1.17,2046.649,17,120.391
Electrophoretic transfer of proteins from polyacrylamide gels to nitrocellulose sheets: procedure and some applications,Biology,,,,,,,,,,,,,,,,,,1.76,3.18,3.4,3.29,3.1,2.88,2.67,2.43,1082.036,9,120.226
Theory of elasticity,Classical mechanics,,,,,,,,,,,,,,2.08,2.38,2.6,2.62,2.55,2.47,2.36,2.24,2.12,2.0,1.89,1.73,1550.057,13,119.235
A Revised Medium for Rapid Growth and Bio Assays with Tobacco Tissue Cultures,Pesticide,,,,,,,,,,,,,,,0.53,1.5,1.98,2.27,2.44,2.47,2.41,2.32,2.22,2.1,1.93,1372.095,12,114.341
Nonparametric statistics for the behavioral sciences,Psychology,,,,,,,,,,,,,0.21,1.7,2.25,2.48,2.49,2.44,2.34,2.2,2.06,1.93,1.8,1.67,1.53,1565.952,14,111.854
Quantum Mechanics,Statistical physics,,,,,,,,,,,,,,,,,,,,2.26,3.21,3.47,3.43,3.25,2.98,782.298,7,111.757
Time Series Analysis  Forecasting and Control,Econometrics,,,,,,,,,,,,,,,,,,,,3.63,3.52,3.41,3.31,3.18,2.94,768.13,7,109.733
Methods in enzymology,Library science,,,,,,,,,,,,,1.31,1.88,2.11,2.36,2.33,2.35,2.31,2.18,2.07,1.94,1.8,1.68,1.53,1530.856,14,109.347
Numerical recipes in C,Computer Science,,,,,,,,,,,,,,,,,,,,,,3.9,3.97,3.79,3.48,546.212,5,109.242
Infrared and Raman spectra of inorganic and coordination compounds,Stereochemistry,,,,,,,,,,,,,,,,,,,,,,,4.21,4.1,3.78,419.031,4,104.758
Applied logistic regression,Econometrics,,,,,,,,,,,,,,,,,,,,,,3.6,3.78,3.77,3.51,506.747,5,101.349
Particle swarm optimization,Natural computing,,,,,,,,,,,,,,,,,,,,,,,3.66,4.12,3.89,402.232,4,100.558
"""Mini-mental state"". A practical method for grading the cognitive state of patients for the clinician",Medicine,,,,,,,,,,,,,,,,,,,1.78,2.52,2.83,2.96,3.01,2.98,2.78,798.231,8,99.779
A simple method for the isolation and purification of total lipides from animal tissues.,Biology,,,,,,,,,,,,,,1.1,2.12,2.49,2.59,2.57,2.47,2.34,2.19,2.04,1.91,1.79,1.65,1280.428,13,98.494
The Reliability of Molecular Weight Determinations by Dodecyl Sulfate-Polyacrylamide Gel Electrophoresis,Biology,,,,,,,,,,,,,,,,2.21,3.03,3.15,3.05,2.87,2.66,2.45,2.24,2.06,1.87,1066.53,11,96.957
Statistical power analysis for the behavioral sciences,Econometrics,,,,,,,,,,,,,,,,,,,2.2,2.52,2.72,2.84,2.95,2.98,2.79,774.913,8,96.864
Gapped BLAST and PSI-BLAST: a new generation of protein database search programs,Biology,,,,,,,,,,,,,,,,,,,,,1.78,3.21,3.5,3.51,3.27,576.028,6,96.005
Intermolecular and surface forces,Optical contact bonding,,,,,,,,,,,,,,,,,,,,,,,,4.44,4.1,285.719,3,95.24
Basic Local Alignment Search Tool,Database search engine,,,,,,,,,,,,,,,,,,,,1.57,2.83,3.15,3.24,3.21,2.99,664.615,7,94.945
Data reduction and error analysis for the physical sciences,Econometrics,,,,,,,,,,,,,,,,,,,,,,3.97,3.83,3.61,3.31,459.382,5,91.876
Principles and procedures of statistics.,Mathematics education,,,,,,,,,,,,,,,1.58,2.32,2.62,2.7,2.63,2.51,2.35,2.2,2.07,1.95,1.78,1099.763,12,91.647
Introduction to Solid State Physics,Atomic physics,,,,,,,,,,,,,0.12,1.06,1.53,1.86,1.96,1.96,1.93,1.87,1.85,1.82,1.79,1.7,1.56,1237.683,14,88.406
Regression Models and Life-Tables,Econometrics,,,,,,,,,,,,,,,,,,,,2.81,3.04,3.15,3.19,3.12,2.9,618.305,7,88.329
Elements of information theory,Entropy power inequality,,,,,,,,,,,,,,,,,,,,,2.08,2.98,3.43,3.46,3.22,529.339,6,88.223
The mathematics of diffusion,Applied mathematics,,,,,,,,,,,,,,,,,2.88,2.92,2.88,2.81,2.71,2.59,2.46,2.32,2.13,881.196,10,88.12
The Fractal Geometry of Nature,Galaxy,,,,,,,,,,,,,,,,,,,2.54,3.01,3.12,3.07,2.96,2.81,2.58,702.245,8,87.781
Case study research : design and methods,Psychology,,,,,,,,,,,,,,,,,,,,,,3.01,3.51,3.72,3.49,434.61,5,86.922
THE USE OF LEAD CITRATE AT HIGH pH AS AN ELECTRON-OPAQUE STAIN IN ELECTRON MICROSCOPY,Lead,,,,,,,,,,,,,,,2.46,2.97,3.01,2.91,2.73,2.54,2.34,2.15,1.98,1.82,1.66,1031.234,12,85.936
Antibodies : a laboratory manual,Library science,,,,,,,,,,,,,,,,,,,,2.37,3.21,3.32,3.22,3.06,2.8,596.849,7,85.264
CLUSTAL W: improving the sensitivity of progressive multiple sequence alignment through sequence weighting  position-specific gap penalties and weight matrix choice,Consensus sequence,,,,,,,,,,,,,,,,,,,,,2.07,3.17,3.44,3.41,3.17,511.52,6,85.253
Optimization by simulated annealing.,Optimization problem,,,,,,,,,,,,,,,,,,,1.92,2.78,2.94,2.94,2.94,2.85,2.63,677.455,8,84.682
Detection of specific sequences among DNA fragments separated by gel electrophoresis,Biology,,,,,,,,,,,,,,,,,0.89,2.41,2.95,2.98,2.83,2.64,2.45,2.26,2.06,837.883,10,83.788
Distinctive Image Features from Scale-Invariant Keypoints,Hough transform,,,,,,,,,,,,,,,,,,,,,,,3.23,3.97,3.81,334.804,4,83.701
Solid state ionics),Materials Science,,,,,,,,,,,,,,,,,,,,1.84,2.54,3.02,3.17,3.14,2.9,577.392,7,82.485
A technique for radiolabeling DNA restriction endonuclease fragments to high specific activity,Amplified fragment length polymorphism,,,,,,,,,,,,,,,,,,,2.58,3.39,3.31,3.11,2.89,2.68,2.44,655.567,8,81.946
Binary alloy phase diagrams,Computer Science,,,,,,,,,,,,,,,,,,,,2.22,2.97,3.18,3.21,3.07,2.82,571.827,7,81.69
The pharmacological basis of therapeutics,Pharmacotherapy,,,,,,,,,,-0.51,0.65,1.13,1.43,1.54,1.64,1.71,1.74,1.7,1.63,1.54,1.46,1.38,1.3,1.23,1.12,1367.679,17,80.452
Learning internal representations by error propagation,Mathematical optimization,,,,,,,,,,,,,,,,,,,,3.25,3.38,3.28,3.13,2.96,2.72,561.988,7,80.284
Maximum likelihood from incomplete data via the EM algorithm,Econometrics,,,,,,,,,,,,,,,,,,,1.49,2.08,2.46,2.73,2.87,2.87,2.67,619.378,8,77.422
Applied Regression Analysis,Segmented regression,,,,,,,,,,,,,,,,1.8,2.38,2.54,2.61,2.52,2.42,2.32,2.21,2.09,1.92,849.747,11,77.25
Wireless lan medium access control (mac) and physical layer (phy) specifications,Media access control,,,,,,,,,,,,,,,,,,,,,,2.85,3.62,3.63,3.34,385.262,5,77.052
Nonlinear Fiber Optics,Single-mode optical fiber,,,,,,,,,,,,,,,,,,,,,,3.41,3.64,3.55,3.27,381.355,5,76.271
Design patterns: elements of reusable object-oriented software,Software design pattern,,,,,,,,,,,,,,,,,,,,,2.44,3.24,3.42,3.31,3.04,456.969,6,76.161
Computer simulation of liquids,Statistical physics,,,,,,,,,,,,,,,,,,,,1.75,2.8,3.09,3.17,3.04,2.8,530.741,7,75.82
Neural Networks: A Comprehensive Foundation,Nervous system network models,,,,,,,,,,,,,,,,,,,,,2.22,3.03,3.37,3.34,3.09,454.293,6,75.716
Advanced Inorganic Chemistry,Chemistry,,,,,,,,,,,,,,,,,,,,,3.56,3.51,3.35,3.17,2.91,450.567,6,75.095
R: A language and environment for statistical computing.,Library science,,,,,,,,,,,,,,,,,,,,,,,,3.74,4.16,224.442,3,74.814
Using multivariate statistics,Path analysis,,,,,,,,,,,,,,,,,,,,,,,3.7,3.83,3.61,297.901,4,74.475
Data Mining: Concepts and Techniques,Concept mining,,,,,,,,,,,,,,,,,,,,,,,,4.18,3.93,222.746,3,74.249
Theory of Games and Economic Behavior,Development economics,,,,,,,,,,,,,,,,,,,,,,,3.89,3.81,3.53,295.181,4,73.795
Methods of enzymatic analysis,Engineering,,,,,,,,,,,,,,,1.31,1.97,2.3,2.43,2.44,2.37,2.26,2.13,2.0,1.86,1.7,876.637,12,73.053
The neighbor-joining method: a new method for reconstructing phylogenetic trees.,Computer simulation,,,,,,,,,,,,,,,,,,,,,2.54,3.07,3.25,3.27,3.06,428.68,6,71.447
Protective groups in organic synthesis,Stereochemistry,,,,,,,,,,,,,,,,,,,,,2.78,3.09,3.29,3.28,3.01,426.212,6,71.035
Statistical methods for research workers,Econometrics,,,,,,,,,1.89,2.11,2.18,2.24,2.17,2.06,1.95,1.83,1.71,1.59,1.48,1.37,1.26,1.17,1.1,1.03,0.94,1270.425,18,70.579
Semiconductors and Semimetals,Physics,,,,,,,,,,,,,,,,,,,,,3.69,3.52,3.31,3.08,2.81,423.246,6,70.541
Microwave Mobile Communications,Telecommunications,,,,,,,,,,,,,,,,,,,,2.39,2.8,3.06,3.12,2.98,2.73,492.175,7,70.311
The advanced theory of statistics,Multivariate analysis of variance,,,,,,,,,,,,,1.58,1.8,2.0,2.1,2.13,2.1,2.03,1.94,1.84,1.75,1.65,1.56,1.43,982.423,14,70.173
Numerical heat transfer and fluid flow,Classical mechanics,,,,,,,,,,,,,,,,,,,1.87,2.56,2.83,2.87,2.83,2.72,2.51,556.208,8,69.526
The rat brain in stereotaxic coordinates,Computer Science,,,,,,,,,,,,,,,,,,,1.79,2.65,2.89,2.92,2.84,2.7,2.49,556.102,8,69.513
STATISTICAL METHODS FOR ASSESSING AGREEMENT BETWEEN TWO METHODS OF CLINICAL MEASUREMENT,Comparative research,,,,,,,,,,,,,,,,,,,,1.8,2.56,2.87,3.01,3.02,2.82,482.937,7,68.991
Matrix analysis,Weyr canonical form,,,,,,,,,,,,,,,,,,,,1.66,2.32,2.75,3.04,3.04,2.83,481.827,7,68.832
Molecular spectra and molecular structure,Molecular physics,,,,,,,,,,,,,,,,,2.78,2.86,2.82,2.71,2.61,2.48,2.33,2.17,1.98,685.153,10,68.515
The Design and Analysis of Computer Algorithms,Computer Science,,,,,,,,,,,,,,,,,1.63,2.35,2.61,2.69,2.6,2.48,2.36,2.22,2.03,680.034,10,68.003
The mathematical theory of plasticity,Classical mechanics,,,,,,,,,,,,,,,,2.82,2.81,2.75,2.64,2.53,2.38,2.23,2.1,1.97,1.8,743.321,11,67.575
The algebraic eigenvalue problem,Matrix analysis,,,,,,,,,,,,,,,,,,,3.37,3.27,3.09,2.9,2.73,2.55,2.33,538.295,8,67.287
A theory for multiresolution signal decomposition: the wavelet representation,Multiresolution analysis,,,,,,,,,,,,,,,,,,,,1.94,2.77,2.95,3.06,2.97,2.74,468.461,7,66.923
Electrochemical methods : fundamentals and applications,Chemistry,,,,,,,,,,,,,,,,,,,,,,3.07,3.4,3.48,3.26,332.851,5,66.57
LIBSVM: A library for support vector machines,Support vector machine,,,,,,,,,,,,,,,,,,,,,,,,3.98,3.9,198.196,3,66.065
DensityÛfunctional thermochemistry. III. The role of exact exchange,Energy,,,,,,,,,,,,,,,,,,,,,,2.9,3.32,3.47,3.3,329.073,5,65.815
Ten lectures on wavelets,Wavelet,,,,,,,,,,,,,,,,,,,,,2.73,3.14,3.27,3.19,2.94,393.403,6,65.567
Handbook of Applied Cryptography,Computer Science,,,,,,,,,,,,,,,,,,,,,1.86,3.08,3.31,3.23,2.96,391.895,6,65.316
The measurement of observer agreement for categorical data,Categorical variable,,,,,,,,,,,,,,,,,,,,,2.38,2.81,3.07,3.23,3.08,390.668,6,65.111
Computational electrodynamics : the finite-difference time-domain method,Computer Science,,,,,,,,,,,,,,,,,,,,,,,3.69,3.72,3.46,260.314,4,65.079
Pattern classification and scene analysis,Computer Science,,,,,,,,,,,,,,,,,0.91,1.59,1.92,2.26,2.39,2.42,2.39,2.29,2.11,646.823,10,64.682
Colorimetric method for determination of sugars and related substances,Chromatography,,,,,,,,,,,,,,0.26,1.33,1.86,2.06,2.17,2.17,2.09,1.99,1.87,1.77,1.69,1.56,837.742,13,64.442
A simple transmit diversity technique for wireless communications,Antenna diversity,,,,,,,,,,,,,,,,,,,,,,2.97,3.5,3.46,3.18,320.167,5,64.033
Statistical learning theory,Mathematical optimization,,,,,,,,,,,,,,,,,,,,,,2.47,3.4,3.49,3.26,319.404,5,63.881
A course of modern analysis,Biology,,,,,,,,,,,,,,,,,,,,,3.6,3.41,3.22,3.02,2.77,380.957,6,63.493
Electrodynamics of continuous media,Nuclear magnetic resonance,,,,,,,,,,,,,,0.41,1.28,1.75,2.01,2.02,1.96,1.89,1.87,1.85,1.81,1.73,1.59,823.498,13,63.346
Handbook of optical constants of solids,Materials Science,,,,,,,,,,,,,,,,,,,,1.73,2.49,2.77,2.96,2.97,2.77,441.596,7,63.085
Situated Learning: Legitimate Peripheral Participation,Psychology,,,,,,,,,,,,,,,,,,,,,,2.82,3.34,3.46,3.23,312.005,5,62.401
A method for obtaining digital signatures and public-key cryptosystems,Key,,,,,,,,,,,,,,,,,,1.1,1.83,2.18,2.45,2.54,2.57,2.49,2.3,560.46,9,62.273
Antenna Theory: Analysis and Design,Electronic engineering,,,,,,,,,,,,,,,,,,,,,,,3.48,3.7,3.48,248.656,4,62.164
Plasma Physics and Controlled Nuclear Fusion Research,Nuclear engineering,,,,,,,,,,,,,,,,,,,2.89,3.21,3.13,2.94,2.7,2.48,2.26,496.32,8,62.04
The magical number seven  plus or minus two : Some limits on our capacity for processing information,Psychology,,,,,,,,,,,,,,,,,,,,3.22,3.08,2.97,2.91,2.82,2.62,432.893,7,61.842
Molecular cloning: A laboratory manual  2nd edn: by J. Sambrook  E. F. Fritsch and T. Maniatis  Cold Spring Harbor Laboratory Press  1989. $115.00 (3 vols; 1659 pages) ISBN 0 87969 309 6,Molecular cloning,,,,,,,,,,,,,,,,,,,,1.57,2.99,3.15,3.03,2.85,2.61,432.376,7,61.768
Statistical methods in medical research,Medicine,,,,,,,,,,,,,,,,,,,,,,3.6,3.48,3.32,3.06,308.74,5,61.748
Generalized Gradient Approximation Made Simple,Atomic physics,,,,,,,,,,,,,,,,,,,,,,,3.02,3.63,3.62,244.552,4,61.138
A tutorial on hidden Markov models and selected applications in speech recognition,Statistical model,,,,,,,,,,,,,,,,,,,,,2.35,2.85,3.15,3.19,2.97,366.008,6,61.001
An introduction to fluid dynamics,Computer Science,,,,,,,,,,,,,,,,,,,,,,3.54,3.46,3.32,3.07,303.793,5,60.759
Wireless Communications: Principles and Practice,Wi-Fi,,,,,,,,,,,,,,,,,,,,,,2.67,3.35,3.45,3.2,302.977,5,60.595
Perturbation theory for linear operators,PoincarÌ©ÛÒLindstedt method,,,,,,,,,,,,,,,,1.89,2.4,2.54,2.51,2.42,2.31,2.19,2.09,1.95,1.8,662.384,11,60.217
Convex Optimization,Mathematical optimization,,,,,,,,,,,,,,,,,,,,,,,3.09,3.69,3.54,240.615,4,60.154
HELICAL MICROTUBULES OF GRAPHITIC CARBON,Crystallography,,,,,,,,,,,,,,,,,,,,,1.96,2.78,3.15,3.19,2.98,359.964,6,59.994
Mathematical methods of statistics,Probability and statistics,,,,,,,,,,,-0.01,1.09,1.56,1.77,1.89,1.92,1.86,1.79,1.7,1.59,1.49,1.4,1.32,1.24,1.14,954.086,16,59.63
Adaptive filter theory,Adaptive filter,,,,,,,,,,,,,,,,,,,,1.89,2.58,2.87,3.02,2.9,2.66,416.317,7,59.474
Matrix computations,Computer Science,,,,,,,,,,,,,,,,,,,,,,2.63,3.36,3.42,3.19,296.949,5,59.39
Snakes: Active Contour Models,Computer vision,,,,,,,,,,,,,,,,,,,,,2.62,3.02,3.18,3.13,2.89,355.771,6,59.295
ORTEP-3 for Windows - a version of ORTEP-III with a Graphical User Interface (GUI),Look and feel,,,,,,,,,,,,,,,,,,,,,,2.41,3.28,3.49,3.18,296.089,5,59.218
Bergey's manual of systematic bacteriology,Biology,,,,,,,,,,,,,,,,,,,,,,,3.71,3.63,3.35,236.676,4,59.169
Diagnostic and statistical manual of mental disorders.,Psychology,,,,,,,,,,,,,,,,,,,,,,,,3.88,3.8,176.173,3,58.724
A Computational Approach to Edge Detection,Gaussian noise,,,,,,,,,,,,,,,,,,,,1.97,2.46,2.69,2.87,2.93,2.73,409.424,7,58.489
Continuous cultures of fused cells secreting antibody of predefined specificity,Biology,,,,,,,,,,,,,,,,,,2.59,3.02,2.97,2.79,2.6,2.43,2.25,2.06,523.745,9,58.194
The Stopping and Range of Ions in Solids,Atomic physics,,,,,,,,,,,,,,,,,,,1.32,2.27,2.67,2.81,2.78,2.62,2.4,464.628,8,58.079
Computer architecture: a quantitative approach,Computer Science,,,,,,,,,,,,,,,,,,,,1.86,2.75,2.98,2.98,2.86,2.62,405.773,7,57.968
Statistical package for the social sciences,Social science,,,,,,,,,,,,,,,,,2.14,2.85,2.9,2.74,2.54,2.36,2.2,2.06,1.89,579.404,10,57.94
Viscoelastic properties of polymers,TimeÛÒtemperature superposition,,,,,,,,,,,,,,,1.28,1.94,2.15,2.21,2.18,2.13,2.07,2.01,1.92,1.81,1.66,695.142,12,57.929
An introduction to computing with neural nets,Computer Science,,,,,,,,,,,,,,,,,,,1.34,2.94,2.99,2.85,2.7,2.54,2.32,463.416,8,57.927
Many-particle physics,Quantum electrodynamics,,,,,,,,,,,,,,,,,,,,,2.7,3.08,3.22,3.08,2.83,344.38,6,57.397
The Pricing of Options and Corporate Liabilities,Financial economics,,,,,,,,,,,,,,,,,,1.39,1.9,2.14,2.31,2.45,2.5,2.46,2.27,513.974,9,57.108
Biorthogonal bases of compactly supported wavelets,Iterative reconstruction,,,,,,,,,,,,,,,,,,,,2.16,2.87,2.97,2.94,2.83,2.6,399.584,7,57.083
Development of the Colle-Salvetti correlation-energy formula into a functional of the electron density,Density matrix,,,,,,,,,,,,,,,,,,,,,,2.73,3.18,3.37,3.22,284.35,5,56.87
Stochastic Relaxation  Gibbs Distributions  and the Bayesian Restoration of Images,Image restoration,,,,,,,,,,,,,,,,,,,,2.51,2.83,2.9,2.91,2.83,2.61,397.037,7,56.72
Isolation of biologically active ribonucleic acid from sources enriched in ribonuclease.,Biology,,,,,,,,,,,,,,,,,,,2.5,3.01,3.01,2.86,2.67,2.48,2.26,452.36,8,56.545
The fifth discipline : the art and practice of the learning organization,Psychology,,,,,,,,,,,,,,,,,,,,,2.76,3.06,3.12,3.08,2.84,338.942,6,56.49
An Algorithm for Least-Squares Estimation of Nonlinear Parameters,Generalized least squares,,,,,,,,,,,,,,,,1.35,1.95,2.22,2.31,2.32,2.24,2.15,2.07,1.98,1.83,621.34,11,56.485
Rapid colorimetric assay for cellular growth and survival: Application to proliferation and cytotoxicity assays,Complement,,,,,,,,,,,,,,,,,,,,2.15,2.63,2.77,2.84,2.87,2.69,395.121,7,56.446
Elements of X-Ray Diffraction,Electron backscatter diffraction,,,,,,,,,,,,,,,1.15,1.42,1.54,1.66,1.76,1.84,1.89,1.92,1.93,1.9,1.76,676.201,12,56.35
Density Functional Theory of Atoms and Molecules,Chemistry,,,,,,,,,,,,,,,,,,,,,2.42,2.97,3.14,3.1,2.88,337.681,6,56.28
Absorption and scattering of light by small particles,Classical mechanics,,,,,,,,,,,,,,,,,,,,1.64,2.34,2.69,2.88,2.9,2.71,392.45,7,56.064
Analysis of relative gene expression data using real-time quantitative PCR and the 2(-Delta Delta C(T)) Method.,Multiplex polymerase chain reaction,,,,,,,,,,,,,,,,,,,,,,,2.79,3.59,3.55,223.034,4,55.758
Internal combustion engine fundamentals,Combustion chamber,,,,,,,,,,,,,,,,,,,,,2.52,2.93,3.07,3.1,2.89,334.373,6,55.729
Numerical solution of initial boundary value problems involving maxwell's equations in isotropic media,Mathematical optimization,,,,,,,,,,,,,,,,,,,,2.18,2.69,2.88,2.93,2.83,2.61,389.379,7,55.626
An introduction to the Bootstrap,Econometrics,,,,,,,,,,,,,,,,,,,,,2.05,2.79,3.09,3.12,2.92,333.241,6,55.54
An algorithm for the machine calculation of complex Fourier series,Arithmetic,,,,,,,,,,,,,,,1.42,2.19,2.38,2.37,2.31,2.22,2.09,1.96,1.85,1.75,1.61,665.901,12,55.492
The Moderator-Mediator Variable Distinction in Social Psychological Research: Conceptual  Strategic  and Statistical Considerations,Attitude,,,,,,,,,,,,,,,,,,,,,,2.54,3.11,3.38,3.21,277.166,5,55.433
Neural networks and physical systems with emergent collective computational abilities,Phase space,,,,,,,,,,,,,,,,,,,1.99,2.9,2.91,2.78,2.67,2.52,2.32,443.335,8,55.417
On Limits of Wireless Communications in a Fading Environment when UsingMultiple Antennas,4B5B,,,,,,,,,,,,,,,,,,,,,,2.71,3.36,3.36,3.11,276.563,5,55.313
Co-integration and error correction: representation  estimation  and testing,Error correction model,,,,,,,,,,,,,,,,,,,,,,3.16,3.27,3.32,3.09,275.621,5,55.124
Statistical methods for rates and proportions,Sampling,,,,,,,,,,,,,,,,,,1.57,2.14,2.39,2.49,2.51,2.47,2.38,2.21,495.754,9,55.084
Principles of fluorescence spectroscopy,Chemistry,,,,,,,,,,,,,,,,,,,,1.7,2.31,2.72,2.87,2.88,2.69,385.407,7,55.058
A method for the solution of certain non-linear problems in least squares,Total least squares,,,,,,,,,,,,,,,0.71,1.49,1.89,2.08,2.12,2.11,2.04,1.95,1.88,1.81,1.67,652.692,12,54.391
Fundamentals of Heat and Mass Transfer,Engineering,,,,,,,,,,,,,,,,,,,,,,,3.44,3.58,3.36,217.394,4,54.349
Neural Networks for Pattern Recognition,Neural gas,,,,,,,,,,,,,,,,,,,,,1.81,2.83,3.13,3.1,2.88,323.877,6,53.98
Stress: Appraisal and Coping,Psychology,,,,,,,,,,,,,,,,,,,,,,,,3.9,3.65,161.156,3,53.719
Linear Statistical Inference and its Applications,Statistical inference,,,,,,,,,,,,,,,,1.48,1.95,2.25,2.32,2.3,2.22,2.13,2.04,1.95,1.8,590.363,11,53.669
Collective dynamics of 'small-world' networks,Random graph,,,,,,,,,,,,,,,,,,,,,,,3.24,3.57,3.41,213.551,4,53.388
Fuzzy identification of systems and its applications to modeling and control,Defuzzification,,,,,,,,,,,,,,,,,,,,,2.57,2.92,3.08,3.06,2.83,319.289,6,53.215
Biometry: The principles and practice of statistics in biological research,Multivariate analysis of variance,,,,,,,,,,,,,,,,,,,,,3.1,3.14,3.09,2.98,2.74,319.042,6,53.174
Primer-directed enzymatic amplification of DNA with a thermostable DNA polymerase,Multiplex polymerase chain reaction,,,,,,,,,,,,,,,,,,,,2.92,3.1,3.01,2.86,2.69,2.46,371.489,7,53.07
Maps of Dust Infrared Emission for Use in Estimation of Reddening and Cosmic Microwave Background Radiation Foregrounds,Astronomy,,,,,,,,,,,,,,,,,,,,,,2.93,3.3,3.3,3.06,264.025,5,52.805
HYDRODYNAMIC AND HYDROMAGNETIC STABILITY,Classical mechanics,,,,,,,,,,,,,,0.41,1.65,2.07,2.15,2.13,2.06,1.98,1.89,1.8,1.7,1.6,1.46,682.79,13,52.522
A Heteroskedasticity-Consistent Covariance Matrix Estimator and a Direct Test for Heteroskedasticity,Financial economics,,,,,,,,,,,,,,,,,,,,2.15,2.58,2.78,2.84,2.81,2.61,364.246,7,52.035
Space-time codes for high data rate wireless communication: performance criterion and code construction,Block code,,,,,,,,,,,,,,,,,,,,,,3.0,3.36,3.27,3.01,259.798,5,51.96
Automatic recording apparatus for use in the chromatography of amino acids.,Absorption,,,,,,,,,,,,,,1.44,2.25,2.51,2.51,2.4,2.26,2.09,1.92,1.75,1.61,1.48,1.35,672.316,13,51.717
Encyclopedia of polymer science and engineering,Materials Science,,,,,,,,,,,,,,,,,,,,2.48,2.92,2.92,2.83,2.75,2.52,361.106,7,51.587
A Threshold Selection Method from Gray-Level Histograms,Computer vision,,,,,,,,,,,,,,,,,,,,,,2.41,3.01,3.32,3.17,256.07,5,51.214
A study of the conditions and mechanism of the diphenylamine reaction for the colorimetric estimation of deoxyribonucleic acid,Biochemistry,,,,,,,,,,,,,,1.19,1.93,2.26,2.37,2.34,2.24,2.09,1.94,1.78,1.63,1.5,1.36,665.51,13,51.193
Superconductivity at 93 K in a new mixed-phase YöÕBaöÕCuöÕO compound system at ambient pressure,Critical field,,,,,,,,,,,,,,,,,,,3.16,3.27,3.03,2.77,2.53,2.31,2.1,409.446,8,51.181
Table of isotopes,Atomic physics,,,,,,,,,,,,,0.47,1.7,2.02,2.31,2.23,2.13,2.02,1.87,1.73,1.62,1.51,1.39,1.26,713.652,14,50.975
Probability  random variables  and stochastic processes,Independent and identically distributed random variables,,,,,,,,,,,,,,,,0.96,1.48,1.78,1.91,2.04,2.09,2.1,2.07,1.99,1.83,558.056,11,50.732
New Directions in Cryptography,Computer Science,,,,,,,,,,,,,,,,,,1.12,1.66,1.98,2.21,2.36,2.45,2.4,2.22,455.898,9,50.655
Self-organizing maps,Neural gas,,,,,,,,,,,,,,,,,,,,,,2.89,3.31,3.27,3.02,253.2,5,50.64
An inventory for measuring depression,Psychology,,,,,,,,,,,,,,,,,1.07,1.64,1.97,2.15,2.24,2.24,2.22,2.17,2.02,505.499,10,50.55
Ad hoc On-Demand Distance Vector (AODV) Routing,Vehicular ad hoc network,,,,,,,,,,,,,,,,,,,,,,,3.32,3.55,3.3,201.842,4,50.461
Equation of state calculations by fast computing machines,Direct simulation Monte Carlo,,,,,,,,,,,,,,,,0.71,1.03,1.52,1.91,2.07,2.1,2.08,2.05,1.99,1.85,554.552,11,50.414
Electronic Transport in Mesoscopic Systems,Quantum Hall effect,,,,,,,,,,,,,,,,,,,,,,2.69,3.29,3.28,3.03,250.934,5,50.187
The physics of liquid crystals,Liquid crystal,,,,,,,,,,,,,,,,,1.31,1.96,2.12,2.21,2.29,2.29,2.25,2.14,1.96,501.855,10,50.186
Electron paramagnetic resonance of transition ions,Ferromagnetic resonance,,,,,,,,,,,,,,,,,,,,,,,,3.88,3.56,150.37,3,50.123
Capacity of multi-antenna Gaussian channels,Telecommunications,,,,,,,,,,,,,,,,,,,,,,2.41,3.23,3.31,3.07,249.953,5,49.991
Diffusion of Innovations,Product innovation,,,,,,,,,,,,,,,,,,1.32,1.56,1.74,1.93,2.18,2.37,2.44,2.29,449.249,9,49.917
Introduction to percolation theory,Statistical physics,,,,,,,,,,,,,,,,,,,,2.07,2.59,2.87,2.87,2.75,2.53,347.752,7,49.679
A New Approach to Linear Filtering and Prediction Problems,Mathematical optimization,,,,,,,,,,,,,,,1.48,2.0,2.07,2.05,2.02,1.97,1.89,1.83,1.83,1.8,1.67,595.719,12,49.643
A rapid alkaline extraction procedure for screening recombinant plasmid DNA,Biology,,,,,,,,,,,,,,,,,,1.69,2.75,2.88,2.72,2.54,2.36,2.19,1.99,446.556,9,49.617
Mining association rules between sets of items in large databases,GSP Algorithm,,,,,,,,,,,,,,,,,,,,,,2.71,3.18,3.28,3.06,247.944,5,49.589
Eigenfaces for recognition,Face,,,,,,,,,,,,,,,,,,,,,,2.71,3.19,3.28,3.06,247.817,5,49.563
The CLUSTAL_X windows interface: flexible strategies for multiple sequence alignment aided by quality analysis tools.,Biology,,,,,,,,,,,,,,,,,,,,,,2.36,3.17,3.29,3.09,247.485,5,49.497
The neutral theory of molecular evolution.,Molecular evolution,,,,,,,,,,,,,,,,,,,,1.67,2.23,2.68,2.85,2.81,2.6,345.708,7,49.387
A SIMPLE EFFICIENT LIQUID SCINTILLATOR FOR COUNTING AQUEOUS SOLUTIONS IN A LIQUID SCINTILLATION COUNTER,Aqueous solution,,,,,,,,,,,,,,,2.1,2.76,2.81,2.66,2.46,2.26,2.06,1.88,1.71,1.56,1.42,591.677,12,49.306
The discovery of grounded theory : strategies for qualitative research,Psychology,,,,,,,,,,,,,,,,,,,1.39,1.79,2.12,2.36,2.54,2.63,2.47,394.268,8,49.283
Applied multiple regression/correlation analysis for the behavioral sciences,Segmented regression,,,,,,,,,,,,,,,,,,1.61,2.12,2.34,2.38,2.36,2.37,2.34,2.18,442.118,9,49.124
Introduction to Automata Theory  Languages and Computability,Formal language,,,,,,,,,,,,,,,,,,,,,,3.27,3.29,3.18,2.93,245.163,5,49.033
Processing of X-ray diffraction data collected in oscillation mode,Crystallography,,,,,,,,,,,,,,,,,,,,,,2.97,3.2,3.23,3.01,244.362,5,48.872
Support-Vector Networks,Semi-supervised learning,,,,,,,,,,,,,,,,,,,,,,,3.11,3.49,3.35,194.02,4,48.505
The competitive advantage of nations,Economics,,,,,,,,,,,,,,,,,,,,1.79,2.41,2.65,2.78,2.8,2.6,339.039,7,48.434
Classification and Regression Trees,Logistic model tree,,,,,,,,,,,,,,,,,,,,,,2.58,3.13,3.26,3.07,242.058,5,48.412
Diagnostic and Statistical Manual of Mental Disorders  4th Ed.,Alternative medicine,,,,,,,,,,,,,,,,,,,,,,2.87,3.17,3.24,3.02,242.051,5,48.41
The principles of nonlinear optics,Waveguide,,,,,,,,,,,,,,,,,,,,,,3.3,3.31,3.15,2.9,241.63,5,48.326
Radiation Detection and Measurement,X-ray detector,,,,,,,,,,,,,,,,,,,,,,,,3.83,3.55,144.888,3,48.296
Remington's pharmaceutical sciences,Library science,,,,,,,,,,,,,,,,,,,,1.72,2.01,2.41,2.63,2.87,2.65,334.773,7,47.825
IMPROVEMENTS IN EPOXY RESIN EMBEDDING METHODS,Epoxy,,,,,,,,,,,,,,0.9,2.15,2.47,2.48,2.37,2.22,2.05,1.88,1.73,1.58,1.45,1.32,620.958,13,47.766
Physical properties of crystals,Physical property,,,,,,,,,,,,,,,,,,,2.89,2.85,2.77,2.66,2.54,2.4,2.2,380.658,8,47.582
The theory of polymer dynamics,Materials Science,,,,,,,,,,,,,,,,,,,,1.71,2.49,2.79,2.85,2.74,2.53,332.45,7,47.493
Linkage disequilibrium and fingerprinting in sugar beet,Linkage disequilibrium,,,,,,,,,,,,,,,,,,,,,,,3.02,3.57,3.27,189.699,4,47.425
GLOBAL CANCER STATISTICS,Medicine,,,,,,,,,,,,,,,,,,,,,,,,3.65,3.64,142.086,3,47.362
A survey on sensor networks,Wireless sensor network,,,,,,,,,,,,,,,,,,,,,,,3.13,3.51,3.29,189.389,4,47.347
A treatise on the theory of Bessel functions,Particle in a spherically symmetric potential,,,,,,,,,,,0.84,1.22,1.53,1.74,1.85,1.86,1.79,1.71,1.61,1.51,1.42,1.33,1.24,1.16,1.07,756.152,16,47.26
Optical coherence and quantum optics,Coherence theory,,,,,,,,,,,,,,,,,,,,,,3.0,3.28,3.19,2.93,235.707,5,47.141
Communicating sequential processes,Procedure,,,,,,,,,,,,,,,,,,1.64,2.35,2.62,2.58,2.47,2.37,2.23,2.04,422.721,9,46.969
Ordinary Differential Equations,Explicit and implicit methods,,,,,,,,,,,,,,,1.14,1.86,2.11,2.19,2.16,2.08,1.99,1.9,1.81,1.71,1.57,561.432,12,46.786
Judgment under Uncertainty: Heuristics and Biases,Social heuristics,,,,,,,,,,,,,,,,,,1.57,2.06,2.26,2.32,2.33,2.34,2.32,2.16,419.074,9,46.564
Nucleic acid and protein sequence analysis : a practical approach,Biology,,,,,,,,,,,,,,,,,,,,,,2.84,3.18,3.2,2.98,232.05,5,46.41
Generalized Linear Models,Econometrics,,,,,,,,,,,,,,,,,,,,2.05,2.47,2.67,2.76,2.74,2.55,324.761,7,46.394
Methods of biochemical analysis,Biology,,,,,,,,,,,,,,,,2.97,2.9,2.78,2.58,2.39,2.2,2.02,1.85,1.7,1.55,509.734,11,46.339
Applied linear statistical models,Econometrics,,,,,,,,,,,,,,,,,,,,,2.92,2.97,2.97,2.9,2.69,277.941,6,46.324
To Err Is Human Building a Safer Health System,Health policy,,,,,,,,,,,,,,,,,,,,,,2.45,3.12,3.23,3.04,231.277,5,46.255
Confidence limits on phylogenies: an approach using the bootstrap,Confidence interval,,,,,,,,,,,,,,,,,,,,,2.1,2.7,2.94,2.98,2.8,277.499,6,46.25
THEORY OF PLATES AND SHELLS,Materials Science,,,,,,,,,,,,,0.78,1.28,1.74,1.87,1.89,1.88,1.85,1.78,1.68,1.59,1.51,1.42,1.31,646.481,14,46.177
Energy-efficient communication protocol for wireless microsensor networks,Communications protocol,,,,,,,,,,,,,,,,,,,,,,,3.1,3.47,3.28,184.118,4,46.03
Numerical Data and Functional Relationships in Science and Technology,Biology,,,,,,,,,,,,,,,,,,,,1.87,2.61,2.84,2.82,2.69,2.48,321.712,7,45.959
Ab initio molecular orbital theory,Chemistry,,,,,,,,,,,,,,,,,,,,1.73,2.6,2.81,2.79,2.7,2.51,321.659,7,45.951
C4.5: Programs for Machine Learning,Computer Science,,,,,,,,,,,,,,,,,,,,,,2.77,3.15,3.2,2.99,229.669,5,45.934
Determination of serum proteins by means of the biuret reaction.,Chromatography,,,,,,,,,,,,,0.5,1.29,1.79,2.07,2.13,2.07,1.97,1.84,1.71,1.59,1.47,1.36,1.24,642.784,14,45.913
Chord: a scalable peer-to-peer lookup protocol for Internet applications,Communications protocol,,,,,,,,,,,,,,,,,,,,,,2.25,3.22,3.25,2.99,229.322,5,45.864
The Seventh Report of the Joint National Committee on Prevention  Detection  Evaluation  and Treatment of High Blood Pressure: The JNC 7 Report,Evidence-based medicine,,,,,,,,,,,,,,,,,,,,,,,3.18,3.46,3.26,183.455,4,45.864
Wireless sensor networks: a survey,Sensor web,,,,,,,,,,,,,,,,,,,,,,,3.04,3.47,3.29,183.372,4,45.843
Pattern Recognition with Fuzzy Objective Function Algorithms,Feature,,,,,,,,,,,,,,,,,,,,,2.41,2.75,2.97,2.96,2.75,274.957,6,45.826
Discrete-time signal processing,Multidimensional signal processing,,,,,,,,,,,,,,,,,,,,,2.5,2.85,3.01,2.94,2.72,274.949,6,45.825
Time-harmonic electromagnetic fields,Mathematical analysis,,,,,,,,,,,,,,,,,,,,,,3.35,3.26,3.1,2.84,228.842,5,45.768
Handbook on the physics and chemistry of rare earths,Chemistry,,,,,,,,,,,,,,,,,,1.32,1.88,2.04,2.38,2.45,2.42,2.29,2.1,411.382,9,45.709
The Early Universe,Inflation,,,,,,,,,,,,,,,,,,,,1.74,2.75,2.9,2.83,2.66,2.44,319.728,7,45.675
Near Shannon limit error-correcting coding and decoding: Turbo-codes. 1,Turbo code,,,,,,,,,,,,,,,,,,,,,2.03,2.91,3.06,2.95,2.7,273.944,6,45.657
High resolution two-dimensional electrophoresis of proteins.,Biology,,,,,,,,,,,,,,,,,1.07,2.3,2.59,2.56,2.43,2.28,2.13,1.98,1.8,455.888,10,45.589
MapReduce: simplified data processing on large clusters,Parallel computing,,,,,,,,,,,,,,,,,,,,,,,,3.86,3.42,136.493,3,45.498
Self-organization and associative memory,Computer simulation,,,,,,,,,,,,,,,,,,,,2.71,2.9,2.86,2.77,2.61,2.4,317.652,7,45.379
System identification: theory for the user,Dynamical systems theory,,,,,,,,,,,,,,,,,,,,1.67,2.37,2.67,2.79,2.74,2.53,317.418,7,45.345
RTP: A Transport Protocol for Real-Time Applications,Real-time data,,,,,,,,,,,,,,,,,,,,,,3.01,3.24,3.16,2.89,226.421,5,45.284
Electric Field Effect in Atomically Thin Carbon Films,Electron mobility,,,,,,,,,,,,,,,,,,,,,,,,3.56,3.63,135.309,3,45.103
Quantum Field Theory,S-matrix,,,,,,,,,,,,,,,,,,,1.64,2.17,2.67,2.7,2.6,2.44,2.23,360.223,8,45.028
Physical Chemistry of Surfaces,Chemistry,,,,,,,,,,,,,,,,,1.73,2.0,2.1,2.14,2.2,2.22,2.18,2.08,1.92,449.164,10,44.916
Basics of qualitative research : grounded theory procedures and techniques,Social science,,,,,,,,,,,,,,,,,,,,,,2.72,3.08,3.19,2.99,224.484,5,44.897
UCI Repository of Machine Learning Databases,Computer Science,,,,,,,,,,,,,,,,,,,,,,2.56,3.2,3.19,2.97,224.448,5,44.89
The MOS 36-item short-form health survey (SF-36). I. Conceptual framework and item selection.,Health policy,,,,,,,,,,,,,,,,,,,,,1.85,2.56,2.88,2.98,2.82,269.04,6,44.84
Ad-hoc on-demand distance vector routing,Policy-based routing,,,,,,,,,,,,,,,,,,,,,,2.06,3.07,3.25,3.02,223.751,5,44.75
The Large-Scale Structure of the Universe,Ekpyrotic universe,,,,,,,,,,,,,,,,,,,1.8,2.27,2.7,2.69,2.58,2.42,2.22,356.249,8,44.531
Practical Statistics for Medical Research,Medicine,,,,,,,,,,,,,,,,,,,,,,,3.37,3.39,3.18,177.979,4,44.495
Less-than-Additive Epistatic Interactions of Quantitative Trait Loci in Tomato,Heterozygote advantage,,,,,,,,,,,,,,,,,,,,,,,2.96,3.52,3.22,177.725,4,44.431
Quantum Phase Transitions,Quantum electrodynamics,,,,,,,,,,,,,,,,,,,,,,2.49,3.21,3.2,2.95,221.947,5,44.389
A Simplex Method for Function Minimization,Computer Science,,,,,,,,,,,,,,,,0.79,1.35,1.71,1.95,2.05,2.05,2.01,1.98,1.92,1.78,487.367,11,44.306
WinGX suite for small-molecule single-crystal crystallography,Microsoft Windows,,,,,,,,,,,,,,,,,,,,,,,3.16,3.46,3.2,177.216,4,44.304
Free radicals in biology and medicine,Biology,,,,,,,,,,,,,,,,,,,,,2.48,2.81,2.91,2.93,2.72,264.863,6,44.144
Multiple view geometry in computer vision,Computer vision,,,,,,,,,,,,,,,,,,,,,,,3.17,3.44,3.22,176.34,4,44.085
Genetic Algorithms in Search,Quality control and genetic algorithms,,,,,,,,,,,,,,,,,,,,,2.45,2.83,2.98,2.91,2.69,264.042,6,44.007
Controlling the False Discovery Rate: a Practical and Powerful Approach to Multiple Testing,Econometrics,,,,,,,,,,,,,,,,,,,,,,,2.82,3.39,3.33,175.348,4,43.837
Emergence of scaling in random networks,Probability distribution,,,,,,,,,,,,,,,,,,,,,,,3.0,3.41,3.28,175.134,4,43.784
The CES-D Scale A Self-Report Depression Scale for Research in the General Population,Psychology,,,,,,,,,,,,,,,,,,,,1.62,2.14,2.44,2.66,2.75,2.6,306.287,7,43.755
A wavelet tour of signal processing,Wavelet,,,,,,,,,,,,,,,,,,,,,,2.43,3.13,3.19,2.97,218.611,5,43.722
The Statistical Analysis of Failure Time Data,Econometrics,,,,,,,,,,,,,,,,,,,1.83,2.25,2.42,2.5,2.52,2.47,2.3,349.373,8,43.672
Introduction to quantitative genetics.,Biology,,,,,,,,,,,,,,,,,,2.16,2.3,2.38,2.38,2.36,2.31,2.24,2.06,392.291,9,43.588
Measuring the efficiency of decision making units,Mathematical optimization,,,,,,,,,,,,,,,,,,,,,1.98,2.44,2.79,2.99,2.81,261.051,6,43.508
Mind in society: The development of higher psychological processes,Library science,,,,,,,,,,,,,,,,,,,,,2.13,2.56,2.85,2.96,2.78,260.793,6,43.466
Methods of Mathematical Physics,Statistical physics,,,,,,,,,,,,-0.04,0.66,1.18,1.6,1.76,1.78,1.75,1.67,1.59,1.51,1.44,1.37,1.29,1.18,651.341,15,43.423
The anatomy of a large-scale hypertextual Web search engine,Search engine indexing,,,,,,,,,,,,,,,,,,,,,,2.4,3.04,3.2,2.99,216.692,5,43.338
Theory of dislocations,Crystallography,,,,,,,,,,,,,,,,1.43,1.97,2.14,2.14,2.15,2.11,2.06,1.96,1.85,1.7,476.546,11,43.322
Methods of soil analysis,Soil series,,,,,,,,,,,,,,,,,,,1.68,2.02,2.23,2.39,2.5,2.53,2.34,345.998,8,43.25
Nonlinear oscillations  dynamical systems  and bifurcations of vector fields,Vector field,,,,,,,,,,,,,,,,,,,1.89,2.41,2.55,2.58,2.55,2.43,2.24,345.993,8,43.249
Artificial intelligence: a modern approach,Opportunistic reasoning,,,,,,,,,,,,,,,,,,,,,,2.48,3.1,3.19,2.95,216.043,5,43.209
Photonic crystals : molding the flow of light,Crystallography,,,,,,,,,,,,,,,,,,,,,,,3.35,3.39,3.14,172.217,4,43.054
Dynamic source routing in ad hoc wireless networks,Vehicular ad hoc network,,,,,,,,,,,,,,,,,,,,,,2.24,3.07,3.21,2.98,215.255,5,43.051
Science of fullerenes and carbon nanotubes,Materials Science,,,,,,,,,,,,,,,,,,,,,,2.92,3.15,3.12,2.9,215.173,5,43.035
Review of particle properties,Text mining,,,,,,,,,,,,,,,,,,,,3.01,3.11,2.92,2.7,2.48,2.26,300.846,7,42.978
Clinical diagnosis of Alzheimer's disease Report of the NINCDSÛADRDA Work Group* under the auspices of Department of Health and Human Services Task Force on Alzheimer's Disease,Psychology,,,,,,,,,,,,,,,,,,,,2.04,2.47,2.62,2.69,2.68,2.51,299.75,7,42.821
The Analytic Hierarchy Process,Analytical hierarchy,,,,,,,,,,,,,,,,,,,,,2.1,2.46,2.82,2.97,2.78,256.906,6,42.818
Annual review of psychology,Psychology,,,,,,,,,,,,,,,,,,,2.01,2.39,2.49,2.47,2.47,2.46,2.28,342.333,8,42.792
Social foundations of thought and action: A social cognitive theory.,Social cognition,,,,,,,,,,,,,,,,,,,,,2.21,2.56,2.82,2.94,2.77,256.286,6,42.714
Chemical reaction engineering,Design,,,,,,,,,,,,,,,,,,,,,3.07,2.99,2.91,2.8,2.59,255.802,6,42.634
Low-density parity-check codes,List decoding,,,,,,,,,,,,,,,,,,,,,,2.4,3.1,3.18,2.95,213.117,5,42.623
Prospect Theory: An Analysis of Decision Under Risk,Prospect theory,,,,,,,,,,,,,,,,,,,1.5,1.9,2.08,2.27,2.44,2.53,2.39,340.898,8,42.612
SIP: Session Initiation Protocol,Session Description Protocol,,,,,,,,,,,,,,,,,,,,,,2.39,3.22,3.17,2.9,213.059,5,42.612
Out of the Crisis,Engineering,,,,,,,,,,,,,,,,,,,,,,3.13,3.11,3.09,2.86,212.665,5,42.533
A new look at the statistical model identification,Stochastic process,,,,,,,,,,,,,,,,,,1.26,1.74,1.97,2.14,2.2,2.28,2.31,2.17,382.418,9,42.491
Genetic Algorithms,Quality control and genetic algorithms,,,,,,,,,,,,,,,,,,,,,1.79,2.72,2.94,2.93,2.71,254.698,6,42.45
MEGA4: Molecular Evolutionary Genetics Analysis (MEGA) Software Version 4.0,Biology,,,,,,,,,,,,,,,,,,,,,,,,3.67,3.47,126.78,3,42.26
The properties of gases and liquids,Surface tension,,,,,,,,,,,,,,,,,1.16,1.66,1.92,2.04,2.14,2.18,2.16,2.07,1.91,420.247,10,42.025
Organic electroluminescent diodes,Quantum efficiency,,,,,,,,,,,,,,,,,,,,,2.07,2.77,2.95,2.9,2.68,251.802,6,41.967
Induction of Decision Trees,Influence diagram,,,,,,,,,,,,,,,,,,,,2.03,2.47,2.61,2.7,2.67,2.48,293.496,7,41.928
Encyclopedia of chemical technology,Library science,,,,,,,,,,,,,-0.01,0.18,0.44,0.97,1.36,1.58,1.68,1.68,1.65,1.58,1.51,1.45,1.33,586.543,14,41.896
Use of avidin-biotin-peroxidase complex (ABC) in immunoperoxidase techniques: a comparison between ABC and unlabeled antibody (PAP) procedures.,Biology,,,,,,,,,,,,,,,,,,,2.27,2.7,2.74,2.64,2.49,2.33,2.13,334.445,8,41.806
An improved technique for determining hardness and elastic modulus using load and displacement sensing indentation experiments,Materials Science,,,,,,,,,,,,,,,,,,,,,,2.69,3.05,3.12,2.94,209.011,5,41.802
Quantum Fields in Curved Space,Classical mechanics,,,,,,,,,,,,,,,,,,,1.54,2.11,2.51,2.58,2.55,2.42,2.23,334.377,8,41.797
Random Forests,Random forest,,,,,,,,,,,,,,,,,,,,,,,,3.47,3.58,125.276,3,41.759
A low-viscosity epoxy resin embedding medium for electron microscopy.,Biology,,,,,,,,,,,,,,,,1.35,2.18,2.43,2.43,2.34,2.19,2.03,1.89,1.74,1.59,459.201,11,41.746
Genetic algorithms + data structures=evolution programs,Mathematical optimization,,,,,,,,,,,,,,,,,,,,,2.12,2.75,2.96,2.89,2.67,250.076,6,41.679
Self-efficacy : the exercise of control,Psychology,,,,,,,,,,,,,,,,,,,,,,,3.0,3.38,3.22,166.521,4,41.63
Fundamental statistics in psychology and education,Psychology,,,,,,,,,,,,,,,,,2.81,2.7,2.56,2.41,2.26,2.12,2.01,1.92,1.78,414.363,10,41.436
Practical methods for computing power in testing the multivariate general linear hypothesis,Multivariate analysis of variance,,,,,,,,,,,,,,,,,,,1.47,1.85,2.1,2.27,2.44,2.51,2.37,331.2,8,41.4
Scheduling Algorithms for Multiprogramming in a Hard-Real-Time Environment,Fair-share scheduling,,,,,,,,,,,,,,,,,,,,2.03,2.54,2.69,2.72,2.64,2.44,289.229,7,41.318
Mathematical analysis of random noise,Combinatorics,,,,,,,,,,,-0.32,0.75,1.39,1.7,1.84,1.81,1.72,1.63,1.54,1.45,1.36,1.28,1.21,1.14,1.05,659.925,16,41.245
Compressed sensing,Data compression,,,,,,,,,,,,,,,,,,,,,,,,3.54,3.52,123.668,3,41.223
Nonlinear optics,Physical optics,,,,,,,,,,,,,,,,,,,,,2.28,2.74,2.91,2.88,2.67,247.288,6,41.215
Comprehensive heterocyclic chemistry II,Stereochemistry,,,,,,,,,,,,,,,,,,,,,1.97,2.68,2.87,2.92,2.7,247.125,6,41.188
Design and analysis of randomized clinical trials requiring prolonged observation of each patient. II. analysis and examples.,Alternative medicine,,,,,,,,,,,,,,,,,,1.9,2.32,2.43,2.42,2.36,2.29,2.18,2.01,370.036,9,41.115
Singular Integral Equations,Regular singular point,,,,,,,,,,,,,,,,,2.63,2.6,2.53,2.44,2.31,2.18,2.05,1.9,1.74,410.816,10,41.082
Theory of Simple Liquids,Statistical physics,,,,,,,,,,,,,,,,,,,1.76,2.09,2.37,2.55,2.55,2.42,2.23,327.98,8,40.997
Rapid object detection using a boosted cascade of simple features,AdaBoost,,,,,,,,,,,,,,,,,,,,,,,2.85,3.38,3.23,163.988,4,40.997
Probabilistic Reasoning in Intelligent Systems: Networks of Plausible Inference,Intelligent decision support system,,,,,,,,,,,,,,,,,,,,1.54,2.17,2.51,2.71,2.7,2.5,286.736,7,40.962
Estimating the Dimension of a Model,Sufficient dimension reduction,,,,,,,,,,,,,,,,,,,,1.66,2.07,2.39,2.61,2.71,2.56,286.246,7,40.892
Principal Component Analysis,Econometrics,,,,,,,,,,,,,,,,,,,,,1.77,2.36,2.8,2.94,2.77,245.002,6,40.834
Cooperative diversity in wireless networks: Efficient protocols and outage behavior,Wireless ad hoc network,,,,,,,,,,,,,,,,,,,,,,,2.82,3.41,3.21,162.807,4,40.702
Latent dirichlet allocation,Latent class model,,,,,,,,,,,,,,,,,,,,,,,,3.49,3.53,122.042,3,40.681
A new method of classifying prognostic comorbidity in longitudinal studies: development and validation.,Psychiatry,,,,,,,,,,,,,,,,,,,,,,2.14,2.75,3.13,3.06,203.177,5,40.635
Categorical data analysis,Econometrics,,,,,,,,,,,,,,,,,,,,,,2.77,3.03,3.1,2.9,202.939,5,40.588
The Kondo problem to heavy fermions,Fermi liquid theory,,,,,,,,,,,,,,,,,,,,,,2.76,3.15,3.09,2.85,202.63,5,40.526
Statistical Aspects of the Analysis of Data From Retrospective Studies of Disease,Gerontology,,,,,,,,,,,,,,,,,1.29,1.83,2.12,2.19,2.19,2.14,2.09,2.03,1.88,404.471,10,40.447
Machine Learning,Algorithmic learning theory,,,,,,,,,,,,,,,,,,,,,,2.47,3.06,3.13,2.91,201.938,5,40.388
Microwave engineering,Electronic engineering,,,,,,,,,,,,,,,,,,,,,,2.44,3.02,3.13,2.93,201.873,5,40.375
Cluster analysis and display of genome-wide expression patterns,Biology,,,,,,,,,,,,,,,,,,,,,,2.55,3.06,3.11,2.91,201.662,5,40.332
Perceived usefulness  perceived ease of use  and user acceptance of information technology,Computer Science,,,,,,,,,,,,,,,,,,,,,,,2.87,3.36,3.22,161.224,4,40.306
On the capacity of a cellular CDMA system,Cellular network,,,,,,,,,,,,,,,,,,,,1.95,2.72,2.84,2.74,2.57,2.34,282.087,7,40.298
Firm Resources and Sustained Competitive Advantage,Industrial organization,,,,,,,,,,,,,,,,,,,,,,2.22,2.87,3.16,2.98,201.436,5,40.287
Angular momentum in quantum mechanics,Classical mechanics,,,,,,,,,,,,,,1.23,1.96,2.13,2.15,2.09,2.0,1.89,1.78,1.67,1.57,1.46,1.33,522.711,13,40.209
Metaphors we live by,Humanities,,,,,,,,,,,,,,,,,,,,,,2.83,3.01,3.08,2.89,200.931,5,40.186
MCNP-A General Monte Carlo N-Particle Transport Code,Direct simulation Monte Carlo,,,,,,,,,,,,,,,,,,,,,,2.68,3.1,3.09,2.87,200.813,5,40.163
The theory of error-correcting codes,Block code,,,,,,,,,,,,,,,,,,,1.83,2.28,2.47,2.5,2.49,2.4,2.22,320.863,8,40.108
Outline of a New Approach to the Analysis of Complex Systems and Decision Processes,Fuzzy logic,,,,,,,,,,,,,,,,,,1.21,1.75,2.26,2.4,2.36,2.3,2.2,2.03,360.871,9,40.097
Note on the Free Volume Equation of State for Hard Spheres,Statistical physics,,,,,,,,,,,,,,,0.38,0.79,1.0,1.36,1.67,1.81,1.84,1.82,1.79,1.74,1.62,480.982,12,40.082
Overview of the H.264/AVC video coding standard,Data compression,,,,,,,,,,,,,,,,,,,,,,,3.04,3.37,3.15,160.269,4,40.067
Mechanics of composite materials,Nonlinear system,,,,,,,,,,,,,,,,,,1.54,2.04,2.31,2.4,2.36,2.28,2.19,2.02,359.782,9,39.976
Optical properties of metal clusters,Chemistry,,,,,,,,,,,,,,,,,,,,,,2.42,2.98,3.12,2.94,199.639,5,39.928
The finite element method for elliptic problems,hp-FEM,,,,,,,,,,,,,,,,,,,,,,3.16,3.12,3.0,2.79,199.639,5,39.928
Data Mining: Practical Machine Learning Tools and Techniques,Instance-based learning,,,,,,,,,,,,,,,,,,,,,,,,3.61,3.43,119.779,3,39.926
The Friction and Lubrication of Solids,Lubrication,,,,,,,,,,,,-0.11,1.12,1.53,1.76,1.87,1.81,1.73,1.63,1.54,1.47,1.4,1.33,1.25,1.15,598.614,15,39.908
The capacity of wireless networks,Wireless ad hoc network,,,,,,,,,,,,,,,,,,,,,,,3.13,3.35,3.12,159.444,4,39.861
Multivariate data analysis,Econometrics,,,,,,,,,,,,,,,,,,,,,,2.07,2.77,3.16,3.01,199.075,5,39.815
Introduction to Modern Information Retrieval,Natural language processing,,,,,,,,,,,,,,,,,,,,1.61,2.13,2.52,2.7,2.67,2.48,278.669,7,39.81
Applied nonlinear control,Control engineering,,,,,,,,,,,,,,,,,,,,,2.16,2.61,2.88,2.87,2.67,238.841,6,39.807
Iterative solution of nonlinear equations in several variables,Local convergence,,,,,,,,,,,,,,,,,,,,,,3.25,3.13,2.98,2.75,198.604,5,39.721
Generalized Expectancies for Internal versus External Control of Reinforcement,Psychology,,,,,,,,,,,,,,,,1.83,2.32,2.41,2.33,2.21,2.08,1.95,1.85,1.76,1.63,436.797,11,39.709
Convergence of probability measures,Convex metric space,,,,,,,,,,,,,,,,1.09,1.66,2.01,2.12,2.11,2.05,1.98,1.91,1.83,1.69,436.642,11,39.695
Experimental design : procedures for the behavioral sciences,Econometrics,,,,,,,,,,,,,,,,,,,,,,,,3.67,3.37,118.922,3,39.641
Density Functional Theory,Computational chemistry,,,,,,,,,,,,,,,,,,,,,,2.39,2.86,3.08,3.0,197.773,5,39.555
The theory of matrices,Matrix analysis,,,,,,,,,,,,,,0.28,1.19,1.65,1.82,1.87,1.88,1.84,1.77,1.69,1.61,1.51,1.39,513.967,13,39.536
The theory of planned behavior,Attitude,,,,,,,,,,,,,,,,,,,,,,,2.76,3.32,3.24,157.663,4,39.416
Random sample consensus: a paradigm for model fitting with applications to image analysis and automated cartography,Matching,,,,,,,,,,,,,,,,,,,,,,2.19,2.8,3.13,2.99,196.802,5,39.36
Institutions  institutional change and economic performance,Economics,,,,,,,,,,,,,,,,,,,,,,2.58,2.99,3.09,2.9,196.659,5,39.332
Partial Differential Equations,Symbol of a differential operator,,,,,,,,,,,,,,,,1.8,1.92,1.97,2.01,2.01,1.95,1.92,1.9,1.85,1.72,432.437,11,39.312
Electronic Processes in NonÛCrystalline Materials,Condensed matter physics,,,,,,,,,,,,,,,,,1.66,2.17,2.34,2.32,2.25,2.14,2.06,1.96,1.81,392.925,10,39.292
Manual of clinical microbiology,Biology,,,,,,,,,,,,,,,,,,,,,2.18,2.64,2.85,2.87,2.66,235.703,6,39.284
Performance analysis of the IEEE 802.11 distributed coordination function,Carrier sense multiple access with collision avoidance,,,,,,,,,,,,,,,,,,,,,,,3.14,3.33,3.11,156.99,4,39.248
Nonlinear Programming,Mathematical optimization,,,,,,,,,,,,,,,,0.93,1.74,1.93,1.99,1.97,1.91,1.89,1.91,1.87,1.75,431.014,11,39.183
Theory of ordinary differential equations,Differential equation,,,,,,,,,,,,,,1.22,1.93,2.16,2.17,2.09,2.01,1.88,1.76,1.65,1.55,1.45,1.33,509.338,13,39.18
Practical methods of optimization,Probabilistic-based design optimization,,,,,,,,,,,,,,,,,,,,,,,,3.64,3.38,117.476,3,39.159
THE KNOWLEDGE-CREATING COMPANY,Public Relations,,,,,,,,,,,,,,,,,,,,,,2.66,3.05,3.08,2.86,195.495,5,39.099
Multilayer feedforward networks are universal approximators,Discrete mathematics,,,,,,,,,,,,,,,,,,,,1.88,2.52,2.64,2.67,2.6,2.42,273.598,7,39.085
Econometric Analysis of Cross Section and Panel Data,Econometrics,,,,,,,,,,,,,,,,,,,,,,,,3.58,3.42,117.068,3,39.023
The Computer for the 21st Century,Computer literacy,,,,,,,,,,,,,,,,,,,,,,2.41,3.01,3.1,2.9,194.788,5,38.958
Computer graphics : principles and practice,Computer vision,,,,,,,,,,,,,,,,,,,,1.67,2.66,2.76,2.72,2.57,2.35,271.812,7,38.83
The Mathematical Theory of Non-Uniform Gases,Statistical physics,,,,,,,,,,,,,,1.19,2.02,2.2,2.16,2.08,1.96,1.84,1.74,1.64,1.55,1.46,1.34,504.598,13,38.815
Immunochemical quantitation of antigens by single radial immunodiffusion,Biology,,,,,,,,,,,,,,,0.68,1.91,2.29,2.37,2.29,2.14,1.97,1.81,1.67,1.54,1.4,465.381,12,38.782
The Chemistry of Silica,Hydrophobic silica,,,,,,,,,,,,,,,,,,,1.81,2.21,2.39,2.49,2.48,2.39,2.2,309.234,8,38.654
Spectra of diatomic molecules,Homonuclear molecule,,,,,,,,,,,,0.11,0.89,1.44,1.76,1.93,1.93,1.85,1.75,1.63,1.51,1.4,1.29,1.18,1.07,579.532,15,38.635
Introduction to Fourier optics,Fraunhofer diffraction,,,,,,,,,,,,,,,,0.94,1.71,1.92,2.0,2.05,2.01,1.96,1.92,1.84,1.68,424.664,11,38.606
Introduction to statistical pattern recognition,Feature,,,,,,,,,,,,,,,,,,,,2.0,2.36,2.57,2.67,2.62,2.42,269.716,7,38.531
The measurement of meaning,Psychology,,,,,,,,,,,,,,1.21,2.0,2.25,2.24,2.14,2.01,1.87,1.73,1.61,1.52,1.44,1.33,500.89,13,38.53
The Strength of Weak Ties,Network theory,,,,,,,,,,,,,,,,,,,,,1.81,2.26,2.69,2.9,2.76,231.033,6,38.505
Cognitive radio: brain-empowered wireless communications,Cognitive radio,,,,,,,,,,,,,,,,,,,,,,,2.62,3.37,3.19,153.88,4,38.47
Intensive blood-glucose control with sulphonylureas or insulin compared with conventional treatment and risk of complications in patients with type 2 diabetes (UKPDS 33),Endocrinology,,,,,,,,,,,,,,,,,,,,,,2.42,2.99,3.08,2.89,192.27,5,38.454
Meta-analysis in clinical trials.,Econometrics,,,,,,,,,,,,,,,,,,,,,2.24,2.44,2.65,2.86,2.75,230.69,6,38.448
The C# Programming Language,Fourth-generation programming language,,,,,,,,,,,,,,,,,,,2.21,2.58,2.59,2.53,2.44,2.31,2.12,307.242,8,38.405
Handbook of Mathematical Functions  With Formulas  Graphs  and Mathematical Tables ,Haplogroup M,,,,,,,,,,,,,,,,1.27,1.55,1.65,1.72,1.76,1.8,1.84,1.9,1.91,1.78,422.237,11,38.385
The reflective practitioner : how professionals think in action,Psychology,,,,,,,,,,,,,,,,,,,,1.61,2.12,2.46,2.61,2.66,2.49,268.534,7,38.362
NMR of proteins and nucleic acids,Biochemistry,,,,,,,,,,,,,,,,,,,,1.99,2.68,2.81,2.7,2.53,2.32,268.446,7,38.349
Image Analysis and Mathematical Morphology,Computer Science,,,,,,,,,,,,,,,,,,,,2.33,2.62,2.67,2.65,2.56,2.36,268.044,7,38.292
An Algorithm for Vector Quantizer Design,Statistical model,,,,,,,,,,,,,,,,,,,1.63,2.33,2.56,2.55,2.47,2.34,2.15,305.838,8,38.23
Modern Aspects of Electrochemistry,Chemistry,,,,,,,,,,,,,,,,,,,,,,3.15,3.08,2.98,2.74,191.128,5,38.226
Estimation of the Concentration of Low-Density Lipoprotein Cholesterol in Plasma  Without Use of the Preparative Ultracentrifuge,Chromatography,,,,,,,,,,,,,,,,,,,1.32,1.92,2.16,2.33,2.43,2.44,2.28,305.582,8,38.198
A low-cost  high-efficiency solar cell based on dye-sensitized colloidal TiO2 films,Quantum dot solar cell,,,,,,,,,,,,,,,,,,,,,,2.13,2.7,3.11,2.99,190.792,5,38.158
Inhibited spontaneous emission in solid-state physics and electronics,Solid-state physics,,,,,,,,,,,,,,,,,,,,,,2.64,3.05,3.06,2.84,190.735,5,38.147
On the Mechanics of Economic Development,Economics,,,,,,,,,,,,,,,,,,,,,2.15,2.6,2.8,2.85,2.65,228.689,6,38.115
Astrophysics of Gaseous Nebulae and Active Galactic Nuclei,Atomic physics,,,,,,,,,,,,,,,,,,,,,2.56,2.85,2.89,2.78,2.55,228.66,6,38.11
Fast algorithms for mining association rules,FSA-Red Algorithm,,,,,,,,,,,,,,,,,,,,,,2.44,2.98,3.08,2.88,190.509,5,38.102
Elliptic partial differential equations of second order,Elliptic boundary value problem,,,,,,,,,,,,,,,,,,,1.7,2.1,2.32,2.41,2.45,2.39,2.24,304.294,8,38.037
Phase Annealing in SHELX-90: Direct Methods for Larger Structures,Direct method,,,,,,,,,,,,,,,,,,,,,2.37,3.03,2.93,2.74,2.51,228.188,6,38.031
A robust layered control system for a mobile robot,Control engineering,,,,,,,,,,,,,,,,,,,,2.02,2.61,2.7,2.68,2.56,2.35,266.095,7,38.014
Improved patch-clamp techniques for high-resolution current recording from cells and cell-free membrane patches.,Biology,,,,,,,,,,,,,,,,,,,1.93,2.5,2.64,2.59,2.45,2.3,2.1,303.597,8,37.95
Third Reference Catalogue of Bright Galaxies,Astronomy,,,,,,,,,,,,,,,,,,,,,2.58,2.89,2.88,2.76,2.54,227.585,6,37.931
Testing statistical hypotheses,Econometrics,,,,,,,,,,,,,,,,,,,2.75,2.69,2.57,2.45,2.37,2.28,2.11,303.244,8,37.905
The NCEP/NCAR 40-Year Reanalysis Project,Meteorology,,,,,,,,,,,,,,,,,,,,,,2.41,2.92,3.07,2.91,189.449,5,37.89
Coefficient alpha and the internal structure of tests,Sampling,,,,,,,,,,,,,,0.28,0.69,1.03,1.26,1.51,1.57,1.62,1.62,1.61,1.6,1.59,1.48,492.438,13,37.88
Numerical recipes in Fortran,Computational science,,,,,,,,,,,,,,,,,,,,,2.31,2.86,2.9,2.78,2.56,227.04,6,37.84
Basics of qualitative research : techniques and procedures for developing grounded theory,Applied mathematics,,,,,,,,,,,,,,,,,,,,,,,2.81,3.3,3.18,151.178,4,37.794
Data networks,Hierarchical network model,,,,,,,,,,,,,,,,,,,,,2.36,2.7,2.88,2.81,2.58,226.725,6,37.787
Communities of practice: Learning  meaning  and identity.,Psychology,,,,,,,,,,,,,,,,,,,,,,2.06,2.91,3.1,2.92,188.496,5,37.699
Cosmic Strings and Other Topological Defects,Classical mechanics,,,,,,,,,,,,,,,,,,,,,,3.11,3.12,2.96,2.72,188.204,5,37.641
Field Computation by Moment Methods,Computer Science,,,,,,,,,,,,,,,,,,1.86,2.0,2.24,2.32,2.32,2.27,2.16,1.98,338.731,9,37.637
