,title,primary_field,1900,1905,1910,1915,1920,1925,1930,1935,1940,1945,1950,1955,1960,1965,1970,1975,1980,1985,1990,1995,2000,2005,2010,2015,2020,score_sum,total_years_pub,time_weighted_score,publisher
0,Molecular cloning : a laboratory manual,Biology,,,,,,,,,,,,,,,,,,,4.06,4.71,4.85,4.66,4.38,4.08,3.72,6988.295,8,873.5369999999999,Cold Spring Harbor Laboratory Press
1,Protein Measurement with the Folin Phenol Reagent,Chromatography,,,,,,,,,,,,,1.41,2.59,3.22,3.54,3.61,3.52,3.33,3.1,2.86,2.62,2.4,2.2,2.0,9913.034,14,708.074,American Society for Biochemistry and Molecular Biology
2,Cleavage of Structural Proteins during the Assembly of the Head of Bacteriophage T4,Biology,,,,,,,,,,,,,,,,0.88,2.48,3.3,3.68,3.68,3.48,3.25,3.01,2.78,2.54,4806.808,11,436.983,Nature
3,A rapid and sensitive method for the quantitation of microgram quantities of protein utilizing the principle of protein-dye binding,Chromatography,,,,,,,,,,,,,,,,,,3.02,3.66,3.8,3.72,3.56,3.37,3.17,2.91,2605.696,9,289.522,Anal Biochem
4,A short history of SHELX,Crystallography,,,,,,,,,,,,,,,,,,,,,,,4.5,5.02,4.64,1132.296,4,283.074,International Union of Crystallography
5,A mathematical theory of communication,Computer Science,,,,,,,,,,,,,,,,,,,,,,4.41,4.39,4.27,3.95,1021.818,5,204.364,Alcatel-Lucent
6,A mathematical theory of communication,Computer Science,,,,,,,,,,,,,,,,,,,,,,4.41,4.39,4.27,3.95,1021.818,5,204.364,University of Illinois Press
7,CRC Handbook of chemistry and physics,Library science,,,,,,,,,,,,,,,,,,,,3.62,3.81,3.83,3.74,3.56,3.27,1336.046,7,190.864,CRC Press
8,Numerical Recipes in C: The Art of Scientific Computing,Computational science,,,,,,,,,,,,,,,,,,,,2.91,3.54,3.73,3.72,3.56,3.27,1251.5639999999999,7,178.795,Cambridge University Press
9,Physics of Semiconductor Devices,Electronic engineering,,,,,,,,,,,,,,,,1.35,2.3,2.65,2.83,2.85,2.83,2.73,2.62,2.48,2.27,1921.015,11,174.638,Wiley-Interscience
10,Principles of optics,Applied mathematics,,,,,,,,,,,,,,,,,,3.67,3.57,3.47,3.34,3.2,3.06,2.87,2.62,1513.527,9,168.17,Pergamon Press
11,Quantum Computation and Quantum Information,Quantum simulator,,,,,,,,,,,,,,,,,,,,,,3.46,4.21,4.14,3.82,781.962,5,156.392,American Association of Physics Teachers
12,Computers and Intractability; A Guide to the Theory of NP-Completeness,Computer Science,,,,,,,,,,,,,,,,,,,,3.31,3.52,3.56,3.54,3.48,3.21,1090.723,7,155.81799999999998,W. H. Freeman & Co.
13,The nature of statistical learning theory,Unsupervised learning,,,,,,,,,,,,,,,,,,,,,,3.35,4.09,4.12,3.83,755.7719999999999,5,151.154,Taylor & Francis Group
14,SINGLE STEP METHOD OF RNA ISOLATION BY ACID GUANIDINIUM-THIOCYANATE-PHENOL-CHLOROFORM EXTRACTION,Biology,,,,,,,,,,,,,,,,,,,,3.33,3.83,3.79,3.59,3.35,3.06,1041.253,7,148.75,Academic Press
15,Nonparametric Estimation from Incomplete Observations,Sampling,,,,,,,,,,,,,,,,,1.26,2.12,2.61,2.8,2.85,2.83,2.76,2.64,2.44,1419.192,10,141.91899999999998,Taylor & Francis Group
16,Genetic Algorithms in Search  Optimization and Machine Learning,Genetic programming,,,,,,,,,,,,,,,,,,,,2.03,3.15,3.47,3.56,3.45,3.18,987.965,7,141.138,Addison-Wesley Professional
17,Table of integrals  series and products,Table,,,,,,,,,,,,,,,,,,3.09,3.15,3.15,3.16,3.1,2.98,2.82,2.58,1258.891,9,139.877,American Society of Mechanical Engineers
18,Conduction of heat in solids,Heat kernel,,,,,,,,,,,,,,2.42,2.7,2.82,2.8,2.73,2.62,2.48,2.33,2.18,2.03,1.89,1.73,1760.094,13,135.392,Clarendon Press
19,Boundary-layer theory /,Classical mechanics,,,,,,,,,,,,,,,,,,,,,,4.38,4.12,3.86,3.54,659.255,5,131.851,"McGraw-Hill,"
20,DNA sequencing with chain-terminating inhibitors,Sequencing by hybridization,,,,,,,,,,,,,,,,,,,2.82,3.51,3.59,3.42,3.19,2.96,2.71,1031.657,8,128.957,National Acad Sciences
21,Statistical principles in experimental design,Multifactor design of experiments software,,,,,,,,,,,,,,0.38,2.35,2.86,2.94,2.84,2.7,2.51,2.33,2.15,1.99,1.84,1.68,1670.661,13,128.512,McGraw-Hill
22,Silicon Processing for the VLSI Era,Materials Science,,,,,,,,,,,,,,,,,,,,2.94,3.81,3.77,3.5,3.2,2.9,871.1210000000001,7,124.446,Lattice Press
23,Constitution of Binary Alloys,Chemistry,,,,,,,,,,,,,,1.66,2.42,2.83,2.85,2.77,2.65,2.49,2.32,2.15,1.98,1.82,1.66,1592.985,13,122.537,McGraw-Hill
24,The nature of the chemical bond,Chemical state,,,,,,,,,,0.46,1.23,1.85,1.99,2.09,2.15,2.14,2.05,1.94,1.83,1.71,1.59,1.48,1.38,1.28,1.17,2046.649,17,120.391,"Cornell University Press , Oxford University Press"
25,Electrophoretic transfer of proteins from polyacrylamide gels to nitrocellulose sheets: procedure and some applications,Biology,,,,,,,,,,,,,,,,,,1.76,3.18,3.4,3.29,3.1,2.88,2.67,2.43,1082.036,9,120.226,National Acad Sciences
26,Theory of elasticity,Classical mechanics,,,,,,,,,,,,,,2.08,2.38,2.6,2.62,2.55,2.47,2.36,2.24,2.12,2.0,1.89,1.73,1550.057,13,119.235,McGraw-Hill
27,Theory of elasticity,Classical mechanics,,,,,,,,,,,,,,2.08,2.38,2.6,2.62,2.55,2.47,2.36,2.24,2.12,2.0,1.89,1.73,1550.057,13,119.235,Pergamon Press
28,A Revised Medium for Rapid Growth and Bio Assays with Tobacco Tissue Cultures,Pesticide,,,,,,,,,,,,,,,0.53,1.5,1.98,2.27,2.44,2.47,2.41,2.32,2.22,2.1,1.93,1372.095,12,114.34100000000001,Blackwell Publishing Ltd
29,Nonparametric statistics for the behavioral sciences,Psychology,,,,,,,,,,,,,0.21,1.7,2.25,2.48,2.49,2.44,2.34,2.2,2.06,1.93,1.8,1.67,1.53,1565.9520000000002,14,111.854,McGraw-Hill
30,Time Series Analysis  Forecasting and Control,Econometrics,,,,,,,,,,,,,,,,,,,,3.63,3.52,3.41,3.31,3.18,2.94,768.13,7,109.73299999999999,Holden-Day
31,Methods in enzymology,Library science,,,,,,,,,,,,,1.31,1.88,2.11,2.36,2.33,2.35,2.31,2.18,2.07,1.94,1.8,1.68,1.53,1530.856,14,109.34700000000001,Academic Press
32,Numerical recipes in C,Computer Science,,,,,,,,,,,,,,,,,,,,,,3.9,3.97,3.79,3.48,546.212,5,109.242,Cambridge University Press
33,Infrared and Raman spectra of inorganic and coordination compounds,Stereochemistry,,,,,,,,,,,,,,,,,,,,,,,4.21,4.1,3.78,419.031,4,104.758,"John Wiley & Sons, Ltd"
34,Applied logistic regression,Econometrics,,,,,,,,,,,,,,,,,,,,,,3.6,3.78,3.77,3.51,506.74699999999996,5,101.34899999999999,Wiley
35,Particle swarm optimization,Natural computing,,,,,,,,,,,,,,,,,,,,,,,3.66,4.12,3.89,402.23199999999997,4,100.55799999999999,IEEE
36,"""Mini-mental state"". A practical method for grading the cognitive state of patients for the clinician",Medicine,,,,,,,,,,,,,,,,,,,1.78,2.52,2.83,2.96,3.01,2.98,2.78,798.2310000000001,8,99.779,Elsevier Limited
37,A simple method for the isolation and purification of total lipides from animal tissues.,Biology,,,,,,,,,,,,,,1.1,2.12,2.49,2.59,2.57,2.47,2.34,2.19,2.04,1.91,1.79,1.65,1280.428,13,98.494,American Society for Biochemistry and Molecular Biology
38,The Reliability of Molecular Weight Determinations by Dodecyl Sulfate-Polyacrylamide Gel Electrophoresis,Biology,,,,,,,,,,,,,,,,2.21,3.03,3.15,3.05,2.87,2.66,2.45,2.24,2.06,1.87,1066.53,11,96.95700000000001,American Society for Biochemistry and Molecular Biology
39,Statistical power analysis for the behavioral sciences,Econometrics,,,,,,,,,,,,,,,,,,,2.2,2.52,2.72,2.84,2.95,2.98,2.79,774.913,8,96.86399999999999,Taylor & Francis Group
40,Gapped BLAST and PSI-BLAST: a new generation of protein database search programs,Biology,,,,,,,,,,,,,,,,,,,,,1.78,3.21,3.5,3.51,3.27,576.028,6,96.005,Oxford University Press
41,Intermolecular and surface forces,Optical contact bonding,,,,,,,,,,,,,,,,,,,,,,,,4.44,4.1,285.719,3,95.24,Academic Press
42,Basic Local Alignment Search Tool,Database search engine,,,,,,,,,,,,,,,,,,,,1.57,2.83,3.15,3.24,3.21,2.99,664.615,7,94.945,Journal of Molecular Biology
43,Data reduction and error analysis for the physical sciences,Econometrics,,,,,,,,,,,,,,,,,,,,,,3.97,3.83,3.61,3.31,459.38199999999995,5,91.876,McGraw-Hill
44,Principles and procedures of statistics.,Mathematics education,,,,,,,,,,,,,,,1.58,2.32,2.62,2.7,2.63,2.51,2.35,2.2,2.07,1.95,1.78,1099.763,12,91.647,"McGraw-Hill Book Company, Inc., New York, Toronto, London"
45,Introduction to Solid State Physics,Atomic physics,,,,,,,,,,,,,0.12,1.06,1.53,1.86,1.96,1.96,1.93,1.87,1.85,1.82,1.79,1.7,1.56,1237.683,14,88.406,American Association of Physics Teachers
46,Regression Models and Life-Tables,Econometrics,,,,,,,,,,,,,,,,,,,,2.81,3.04,3.15,3.19,3.12,2.9,618.305,7,88.329,Springer New York
47,Elements of information theory,Entropy power inequality,,,,,,,,,,,,,,,,,,,,,2.08,2.98,3.43,3.46,3.22,529.339,6,88.223,Wiley Online Library
48,The mathematics of diffusion,Applied mathematics,,,,,,,,,,,,,,,,,2.88,2.92,2.88,2.81,2.71,2.59,2.46,2.32,2.13,881.196,10,88.12,Clarendon Press
49,The Fractal Geometry of Nature,Galaxy,,,,,,,,,,,,,,,,,,,2.54,3.01,3.12,3.07,2.96,2.81,2.58,702.245,8,87.781,American Association of Physics Teachers
50,Case study research : design and methods,Psychology,,,,,,,,,,,,,,,,,,,,,,3.01,3.51,3.72,3.49,434.61,5,86.92200000000001,Sage Publications
51,THE USE OF LEAD CITRATE AT HIGH pH AS AN ELECTRON-OPAQUE STAIN IN ELECTRON MICROSCOPY,Lead,,,,,,,,,,,,,,,2.46,2.97,3.01,2.91,2.73,2.54,2.34,2.15,1.98,1.82,1.66,1031.234,12,85.936,The Rockefeller University Press
52,Antibodies : a laboratory manual,Library science,,,,,,,,,,,,,,,,,,,,2.37,3.21,3.32,3.22,3.06,2.8,596.849,7,85.264,Cold Spring Harbor Laboratory
53,CLUSTAL W: improving the sensitivity of progressive multiple sequence alignment through sequence weighting  position-specific gap penalties and weight matrix choice,Consensus sequence,,,,,,,,,,,,,,,,,,,,,2.07,3.17,3.44,3.41,3.17,511.52,6,85.25299999999999,Oxford University Press
54,Optimization by simulated annealing.,Optimization problem,,,,,,,,,,,,,,,,,,,1.92,2.78,2.94,2.94,2.94,2.85,2.63,677.455,8,84.682,American Association for the Advancement of Science
55,Detection of specific sequences among DNA fragments separated by gel electrophoresis,Biology,,,,,,,,,,,,,,,,,0.89,2.41,2.95,2.98,2.83,2.64,2.45,2.26,2.06,837.883,10,83.788,J Mol Biol
56,A technique for radiolabeling DNA restriction endonuclease fragments to high specific activity,Amplified fragment length polymorphism,,,,,,,,,,,,,,,,,,,2.58,3.39,3.31,3.11,2.89,2.68,2.44,655.567,8,81.946,Anal Biochem
57,Binary alloy phase diagrams,Computer Science,,,,,,,,,,,,,,,,,,,,2.22,2.97,3.18,3.21,3.07,2.82,571.827,7,81.69,ASM International
58,The pharmacological basis of therapeutics,Pharmacotherapy,,,,,,,,,,-0.51,0.65,1.13,1.43,1.54,1.64,1.71,1.74,1.7,1.63,1.54,1.46,1.38,1.3,1.23,1.12,1367.6789999999999,17,80.452,Macmillan
59,Learning internal representations by error propagation,Mathematical optimization,,,,,,,,,,,,,,,,,,,,3.25,3.38,3.28,3.13,2.96,2.72,561.988,7,80.28399999999999,MIT Press
60,Nonlinear Fiber Optics,Single-mode optical fiber,,,,,,,,,,,,,,,,,,,,,,3.41,3.64,3.55,3.27,381.355,5,76.271,Academic Press
61,Design patterns: elements of reusable object-oriented software,Software design pattern,,,,,,,,,,,,,,,,,,,,,2.44,3.24,3.42,3.31,3.04,456.969,6,76.161,Addison-Wesley
62,Computer simulation of liquids,Statistical physics,,,,,,,,,,,,,,,,,,,,1.75,2.8,3.09,3.17,3.04,2.8,530.741,7,75.82,American Institute of Physics
63,Neural Networks: A Comprehensive Foundation,Nervous system network models,,,,,,,,,,,,,,,,,,,,,2.22,3.03,3.37,3.34,3.09,454.293,6,75.71600000000001,Prentice Hall PTR
64,Advanced Inorganic Chemistry,Chemistry,,,,,,,,,,,,,,,,,,,,,3.56,3.51,3.35,3.17,2.91,450.56699999999995,6,75.095,Wiley
65,R: A language and environment for statistical computing.,Library science,,,,,,,,,,,,,,,,,,,,,,,,3.74,4.16,224.442,3,74.814,Foundation for Statistical Computing
66,Using multivariate statistics,Path analysis,,,,,,,,,,,,,,,,,,,,,,,3.7,3.83,3.61,297.901,4,74.475,Pearson
67,Data Mining: Concepts and Techniques,Concept mining,,,,,,,,,,,,,,,,,,,,,,,,4.18,3.93,222.74599999999998,3,74.249,Morgan Kaufmann
68,Theory of Games and Economic Behavior,Development economics,,,,,,,,,,,,,,,,,,,,,,,3.89,3.81,3.53,295.181,4,73.795,Princeton University Press
69,Methods of enzymatic analysis,Engineering,,,,,,,,,,,,,,,1.31,1.97,2.3,2.43,2.44,2.37,2.26,2.13,2.0,1.86,1.7,876.637,12,73.053,"Verlag Chemie , Academic Press"
70,The neighbor-joining method: a new method for reconstructing phylogenetic trees.,Computer simulation,,,,,,,,,,,,,,,,,,,,,2.54,3.07,3.25,3.27,3.06,428.68,6,71.447,Oxford University Press
71,Protective groups in organic synthesis,Stereochemistry,,,,,,,,,,,,,,,,,,,,,2.78,3.09,3.29,3.28,3.01,426.212,6,71.035,Wiley
72,Statistical methods for research workers,Econometrics,,,,,,,,,1.89,2.11,2.18,2.24,2.17,2.06,1.95,1.83,1.71,1.59,1.48,1.37,1.26,1.17,1.1,1.03,0.94,1270.425,18,70.579,Oliver and Boyd
73,Semiconductors and Semimetals,Physics,,,,,,,,,,,,,,,,,,,,,3.69,3.52,3.31,3.08,2.81,423.246,6,70.541,Elsevier Science
74,Microwave Mobile Communications,Telecommunications,,,,,,,,,,,,,,,,,,,,2.39,2.8,3.06,3.12,2.98,2.73,492.175,7,70.311,Wiley-IEEE Press
75,The advanced theory of statistics,Multivariate analysis of variance,,,,,,,,,,,,,1.58,1.8,2.0,2.1,2.13,2.1,2.03,1.94,1.84,1.75,1.65,1.56,1.43,982.423,14,70.173,Hafner
76,Numerical heat transfer and fluid flow,Classical mechanics,,,,,,,,,,,,,,,,,,,1.87,2.56,2.83,2.87,2.83,2.72,2.51,556.2080000000001,8,69.52600000000001,CRC Press
77,The rat brain in stereotaxic coordinates,Computer Science,,,,,,,,,,,,,,,,,,,1.79,2.65,2.89,2.92,2.84,2.7,2.49,556.102,8,69.513,Academic Press
78,STATISTICAL METHODS FOR ASSESSING AGREEMENT BETWEEN TWO METHODS OF CLINICAL MEASUREMENT,Comparative research,,,,,,,,,,,,,,,,,,,,1.8,2.56,2.87,3.01,3.02,2.82,482.93699999999995,7,68.991,Elsevier
79,Molecular spectra and molecular structure,Molecular physics,,,,,,,,,,,,,,,,,2.78,2.86,2.82,2.71,2.61,2.48,2.33,2.17,1.98,685.153,10,68.515,D. Van Nostrand
80,The Design and Analysis of Computer Algorithms,Computer Science,,,,,,,,,,,,,,,,,1.63,2.35,2.61,2.69,2.6,2.48,2.36,2.22,2.03,680.034,10,68.003,"Addison-Wesley Longman Publishing Co., Inc."
81,The mathematical theory of plasticity,Classical mechanics,,,,,,,,,,,,,,,,2.82,2.81,2.75,2.64,2.53,2.38,2.23,2.1,1.97,1.8,743.321,11,67.575,Clarendon Press
82,The algebraic eigenvalue problem,Matrix analysis,,,,,,,,,,,,,,,,,,,3.37,3.27,3.09,2.9,2.73,2.55,2.33,538.295,8,67.28699999999999,"Oxford University Press, Inc."
83,A theory for multiresolution signal decomposition: the wavelet representation,Multiresolution analysis,,,,,,,,,,,,,,,,,,,,1.94,2.77,2.95,3.06,2.97,2.74,468.461,7,66.923,IEEE Computer Society
84,Electrochemical methods : fundamentals and applications,Chemistry,,,,,,,,,,,,,,,,,,,,,,3.07,3.4,3.48,3.26,332.851,5,66.57,John Wiley & Sons
85,LIBSVM: A library for support vector machines,Support vector machine,,,,,,,,,,,,,,,,,,,,,,,,3.98,3.9,198.196,3,66.065,ACM
86,Ten lectures on wavelets,Wavelet,,,,,,,,,,,,,,,,,,,,,2.73,3.14,3.27,3.19,2.94,393.403,6,65.567,Society for Industrial and Applied Mathematics
87,Handbook of Applied Cryptography,Computer Science,,,,,,,,,,,,,,,,,,,,,1.86,3.08,3.31,3.23,2.96,391.895,6,65.316,CRC Press
88,The measurement of observer agreement for categorical data,Categorical variable,,,,,,,,,,,,,,,,,,,,,2.38,2.81,3.07,3.23,3.08,390.668,6,65.111,Biometrics
89,Computational electrodynamics : the finite-difference time-domain method,Computer Science,,,,,,,,,,,,,,,,,,,,,,,3.69,3.72,3.46,260.314,4,65.079,Artech House
90,Pattern classification and scene analysis,Computer Science,,,,,,,,,,,,,,,,,0.91,1.59,1.92,2.26,2.39,2.42,2.39,2.29,2.11,646.823,10,64.682,Wiley
91,Colorimetric method for determination of sugars and related substances,Chromatography,,,,,,,,,,,,,,0.26,1.33,1.86,2.06,2.17,2.17,2.09,1.99,1.87,1.77,1.69,1.56,837.742,13,64.442,American Chemical Society
92,A simple transmit diversity technique for wireless communications,Antenna diversity,,,,,,,,,,,,,,,,,,,,,,2.97,3.5,3.46,3.18,320.16700000000003,5,64.033,IEEE
93,Statistical learning theory,Mathematical optimization,,,,,,,,,,,,,,,,,,,,,,2.47,3.4,3.49,3.26,319.404,5,63.881,John Wiley & Sons
94,A course of modern analysis,Biology,,,,,,,,,,,,,,,,,,,,,3.6,3.41,3.22,3.02,2.77,380.957,6,63.493,Cambridge University Press
95,Electrodynamics of continuous media,Nuclear magnetic resonance,,,,,,,,,,,,,,0.41,1.28,1.75,2.01,2.02,1.96,1.89,1.87,1.85,1.81,1.73,1.59,823.498,13,63.346000000000004,American Institute of Physics
96,Handbook of optical constants of solids,Materials Science,,,,,,,,,,,,,,,,,,,,1.73,2.49,2.77,2.96,2.97,2.77,441.596,7,63.085,Academic Press
97,Situated Learning: Legitimate Peripheral Participation,Psychology,,,,,,,,,,,,,,,,,,,,,,2.82,3.34,3.46,3.23,312.005,5,62.401,Cambridge University Press
98,A method for obtaining digital signatures and public-key cryptosystems,Key,,,,,,,,,,,,,,,,,,1.1,1.83,2.18,2.45,2.54,2.57,2.49,2.3,560.46,9,62.273,ACM
99,Antenna Theory: Analysis and Design,Electronic engineering,,,,,,,,,,,,,,,,,,,,,,,3.48,3.7,3.48,248.65599999999998,4,62.163999999999994,Harper & Row
100,The magical number seven  plus or minus two : Some limits on our capacity for processing information,Psychology,,,,,,,,,,,,,,,,,,,,3.22,3.08,2.97,2.91,2.82,2.62,432.89300000000003,7,61.842,Psychol Rev
101,Molecular cloning: A laboratory manual  2nd edn: by J. Sambrook  E. F. Fritsch and T. Maniatis  Cold Spring Harbor Laboratory Press  1989. $115.00 (3 vols; 1659 pages) ISBN 0 87969 309 6,Molecular cloning,,,,,,,,,,,,,,,,,,,,1.57,2.99,3.15,3.03,2.85,2.61,432.376,7,61.768,Elsevier
102,Statistical methods in medical research,Medicine,,,,,,,,,,,,,,,,,,,,,,3.6,3.48,3.32,3.06,308.74,5,61.748000000000005,"Blackwell Science,"
103,Generalized Gradient Approximation Made Simple,Atomic physics,,,,,,,,,,,,,,,,,,,,,,,3.02,3.63,3.62,244.55200000000002,4,61.138000000000005,American Physical Society
104,A tutorial on hidden Markov models and selected applications in speech recognition,Statistical model,,,,,,,,,,,,,,,,,,,,,2.35,2.85,3.15,3.19,2.97,366.00800000000004,6,61.001000000000005,IEEE
105,An introduction to fluid dynamics,Computer Science,,,,,,,,,,,,,,,,,,,,,,3.54,3.46,3.32,3.07,303.793,5,60.75899999999999,Cambridge University Press
106,Wireless Communications: Principles and Practice,Wi-Fi,,,,,,,,,,,,,,,,,,,,,,2.67,3.35,3.45,3.2,302.97700000000003,5,60.595,Prentice Hall
107,Perturbation theory for linear operators,PoincarÃÂ©ÂÃÃLindstedt method,,,,,,,,,,,,,,,,1.89,2.4,2.54,2.51,2.42,2.31,2.19,2.09,1.95,1.8,662.3839999999999,11,60.217,Springer Berlin Heidelberg
108,Convex Optimization,Mathematical optimization,,,,,,,,,,,,,,,,,,,,,,,3.09,3.69,3.54,240.615,4,60.153999999999996,Cambridge University Press
109,HELICAL MICROTUBULES OF GRAPHITIC CARBON,Crystallography,,,,,,,,,,,,,,,,,,,,,1.96,2.78,3.15,3.19,2.98,359.964,6,59.994,Nature Publishing Group
110,Mathematical methods of statistics,Probability and statistics,,,,,,,,,,,-0.01,1.09,1.56,1.77,1.89,1.92,1.86,1.79,1.7,1.59,1.49,1.4,1.32,1.24,1.14,954.086,16,59.63,Princeton University Press
111,Adaptive filter theory,Adaptive filter,,,,,,,,,,,,,,,,,,,,1.89,2.58,2.87,3.02,2.9,2.66,416.31699999999995,7,59.474,Prentice-Hall
112,Snakes: Active Contour Models,Computer vision,,,,,,,,,,,,,,,,,,,,,2.62,3.02,3.18,3.13,2.89,355.77099999999996,6,59.295,INTERNATIONAL JOURNAL OF COMPUTER VISION
113,ORTEP-3 for Windows - a version of ORTEP-III with a Graphical User Interface (GUI),Look and feel,,,,,,,,,,,,,,,,,,,,,,2.41,3.28,3.49,3.18,296.089,5,59.218,International Union of Crystallography
114,Bergey's manual of systematic bacteriology,Biology,,,,,,,,,,,,,,,,,,,,,,,3.71,3.63,3.35,236.676,4,59.169,Williams & Wilkins
115,Diagnostic and statistical manual of mental disorders.,Psychology,,,,,,,,,,,,,,,,,,,,,,,,3.88,3.8,176.173,3,58.724,NIH Public Access
116,A Computational Approach to Edge Detection,Gaussian noise,,,,,,,,,,,,,,,,,,,,1.97,2.46,2.69,2.87,2.93,2.73,409.42400000000004,7,58.489,IEEE
117,Continuous cultures of fused cells secreting antibody of predefined specificity,Biology,,,,,,,,,,,,,,,,,,2.59,3.02,2.97,2.79,2.6,2.43,2.25,2.06,523.745,9,58.193999999999996,Nature Publishing Group
118,The Stopping and Range of Ions in Solids,Atomic physics,,,,,,,,,,,,,,,,,,,1.32,2.27,2.67,2.81,2.78,2.62,2.4,464.62800000000004,8,58.07899999999999,Pergamon
119,Computer architecture: a quantitative approach,Computer Science,,,,,,,,,,,,,,,,,,,,1.86,2.75,2.98,2.98,2.86,2.62,405.773,7,57.968,Morgan Kaufmann Publishers Inc.
120,Viscoelastic properties of polymers,TimeÂÃÃtemperature superposition,,,,,,,,,,,,,,,1.28,1.94,2.15,2.21,2.18,2.13,2.07,2.01,1.92,1.81,1.66,695.1419999999999,12,57.928999999999995,The Electrochemical Society
121,An introduction to computing with neural nets,Computer Science,,,,,,,,,,,,,,,,,,,1.34,2.94,2.99,2.85,2.7,2.54,2.32,463.416,8,57.927,IEEE
122,Many-particle physics,Quantum electrodynamics,,,,,,,,,,,,,,,,,,,,,2.7,3.08,3.22,3.08,2.83,344.38,6,57.397,Plenum Press
123,The Pricing of Options and Corporate Liabilities,Financial economics,,,,,,,,,,,,,,,,,,1.39,1.9,2.14,2.31,2.45,2.5,2.46,2.27,513.974,9,57.108000000000004,University of Chicago Press
124,Biorthogonal bases of compactly supported wavelets,Iterative reconstruction,,,,,,,,,,,,,,,,,,,,2.16,2.87,2.97,2.94,2.83,2.6,399.584,7,57.083,"Wiley Subscription Services, Inc., A Wiley Company"
125,Development of the Colle-Salvetti correlation-energy formula into a functional of the electron density,Density matrix,,,,,,,,,,,,,,,,,,,,,,2.73,3.18,3.37,3.22,284.35,5,56.87,American Physical Society
126,Stochastic Relaxation  Gibbs Distributions  and the Bayesian Restoration of Images,Image restoration,,,,,,,,,,,,,,,,,,,,2.51,2.83,2.9,2.91,2.83,2.61,397.037,7,56.72,IEEE
127,Isolation of biologically active ribonucleic acid from sources enriched in ribonuclease.,Biology,,,,,,,,,,,,,,,,,,,2.5,3.01,3.01,2.86,2.67,2.48,2.26,452.36,8,56.545,American Chemical Society
128,The fifth discipline : the art and practice of the learning organization,Psychology,,,,,,,,,,,,,,,,,,,,,2.76,3.06,3.12,3.08,2.84,338.94199999999995,6,56.49,"Wiley Subscription Services, Inc., A Wiley Company"
129,An Algorithm for Least-Squares Estimation of Nonlinear Parameters,Generalized least squares,,,,,,,,,,,,,,,,1.35,1.95,2.22,2.31,2.32,2.24,2.15,2.07,1.98,1.83,621.34,11,56.485,Society for Industrial and Applied Mathematics
130,Rapid colorimetric assay for cellular growth and survival: Application to proliferation and cytotoxicity assays,Complement,,,,,,,,,,,,,,,,,,,,2.15,2.63,2.77,2.84,2.87,2.69,395.121,7,56.446000000000005,Elsevier
131,Elements of X-Ray Diffraction,Electron backscatter diffraction,,,,,,,,,,,,,,,1.15,1.42,1.54,1.66,1.76,1.84,1.89,1.92,1.93,1.9,1.76,676.201,12,56.35,American Association of Physics Teachers
132,Density Functional Theory of Atoms and Molecules,Chemistry,,,,,,,,,,,,,,,,,,,,,2.42,2.97,3.14,3.1,2.88,337.681,6,56.28,Springer Netherlands
133,Absorption and scattering of light by small particles,Classical mechanics,,,,,,,,,,,,,,,,,,,,1.64,2.34,2.69,2.88,2.9,2.71,392.45,7,56.06399999999999,Taylor & Francis Group
134,Analysis of relative gene expression data using real-time quantitative PCR and the 2(-Delta Delta C(T)) Method.,Multiplex polymerase chain reaction,,,,,,,,,,,,,,,,,,,,,,,2.79,3.59,3.55,223.03400000000002,4,55.758,METHODS
135,Internal combustion engine fundamentals,Combustion chamber,,,,,,,,,,,,,,,,,,,,,2.52,2.93,3.07,3.1,2.89,334.37300000000005,6,55.729,McGraw-Hill
136,Numerical solution of initial boundary value problems involving maxwell's equations in isotropic media,Mathematical optimization,,,,,,,,,,,,,,,,,,,,2.18,2.69,2.88,2.93,2.83,2.61,389.379,7,55.626000000000005,IEEE
137,An introduction to the Bootstrap,Econometrics,,,,,,,,,,,,,,,,,,,,,2.05,2.79,3.09,3.12,2.92,333.241,6,55.54,Taylor & Francis Group
138,The Moderator-Mediator Variable Distinction in Social Psychological Research: Conceptual  Strategic  and Statistical Considerations,Attitude,,,,,,,,,,,,,,,,,,,,,,2.54,3.11,3.38,3.21,277.166,5,55.433,American Psychological Association
139,Neural networks and physical systems with emergent collective computational abilities,Phase space,,,,,,,,,,,,,,,,,,,1.99,2.9,2.91,2.78,2.67,2.52,2.32,443.335,8,55.417,National Academy of Sciences
140,On Limits of Wireless Communications in a Fading Environment when UsingMultiple Antennas,4B5B,,,,,,,,,,,,,,,,,,,,,,2.71,3.36,3.36,3.11,276.563,5,55.313,Kluwer Academic Publishers
141,Co-integration and error correction: representation  estimation  and testing,Error correction model,,,,,,,,,,,,,,,,,,,,,,3.16,3.27,3.32,3.09,275.621,5,55.123999999999995,Harvard University Press
142,Statistical methods for rates and proportions,Sampling,,,,,,,,,,,,,,,,,,1.57,2.14,2.39,2.49,2.51,2.47,2.38,2.21,495.754,9,55.083999999999996,Taylor & Francis Group
143,Principles of fluorescence spectroscopy,Chemistry,,,,,,,,,,,,,,,,,,,,1.7,2.31,2.72,2.87,2.88,2.69,385.407,7,55.058,Springer US
144,A method for the solution of certain non-linear problems in least squares,Total least squares,,,,,,,,,,,,,,,0.71,1.49,1.89,2.08,2.12,2.11,2.04,1.95,1.88,1.81,1.67,652.692,12,54.391000000000005,QUARTERLY OF APPLIED MATHEMATICS
145,Fundamentals of Heat and Mass Transfer,Engineering,,,,,,,,,,,,,,,,,,,,,,,3.44,3.58,3.36,217.394,4,54.349,Wiley
146,Neural Networks for Pattern Recognition,Neural gas,,,,,,,,,,,,,,,,,,,,,1.81,2.83,3.13,3.1,2.88,323.877,6,53.98,Oxford University Press
147,Stress: Appraisal and Coping,Psychology,,,,,,,,,,,,,,,,,,,,,,,,3.9,3.65,161.156,3,53.718999999999994,Springer New York
148,Collective dynamics of 'small-world' networks,Random graph,,,,,,,,,,,,,,,,,,,,,,,3.24,3.57,3.41,213.551,4,53.388000000000005,Nature Publishing Group
149,Fuzzy identification of systems and its applications to modeling and control,Defuzzification,,,,,,,,,,,,,,,,,,,,,2.57,2.92,3.08,3.06,2.83,319.289,6,53.215,IEEE
150,Biometry: The principles and practice of statistics in biological research,Multivariate analysis of variance,,,,,,,,,,,,,,,,,,,,,3.1,3.14,3.09,2.98,2.74,319.04200000000003,6,53.174,W. H. Freeman
151,Primer-directed enzymatic amplification of DNA with a thermostable DNA polymerase,Multiplex polymerase chain reaction,,,,,,,,,,,,,,,,,,,,2.92,3.1,3.01,2.86,2.69,2.46,371.48900000000003,7,53.07,American Association for the Advancement of Science
152,Maps of Dust Infrared Emission for Use in Estimation of Reddening and Cosmic Microwave Background Radiation Foregrounds,Astronomy,,,,,,,,,,,,,,,,,,,,,,2.93,3.3,3.3,3.06,264.025,5,52.805,IOP Publishing
153,HYDRODYNAMIC AND HYDROMAGNETIC STABILITY,Classical mechanics,,,,,,,,,,,,,,0.41,1.65,2.07,2.15,2.13,2.06,1.98,1.89,1.8,1.7,1.6,1.46,682.79,13,52.522,Dover Publications
154,A Heteroskedasticity-Consistent Covariance Matrix Estimator and a Direct Test for Heteroskedasticity,Financial economics,,,,,,,,,,,,,,,,,,,,2.15,2.58,2.78,2.84,2.81,2.61,364.246,7,52.035,Econometric Society
155,Space-time codes for high data rate wireless communication: performance criterion and code construction,Block code,,,,,,,,,,,,,,,,,,,,,,3.0,3.36,3.27,3.01,259.798,5,51.96,IEEE
156,Automatic recording apparatus for use in the chromatography of amino acids.,Absorption,,,,,,,,,,,,,,1.44,2.25,2.51,2.51,2.4,2.26,2.09,1.92,1.75,1.61,1.48,1.35,672.316,13,51.717,American Chemical Society
157,Encyclopedia of polymer science and engineering,Materials Science,,,,,,,,,,,,,,,,,,,,2.48,2.92,2.92,2.83,2.75,2.52,361.106,7,51.586999999999996,Wiley
158,A Threshold Selection Method from Gray-Level Histograms,Computer vision,,,,,,,,,,,,,,,,,,,,,,2.41,3.01,3.32,3.17,256.07,5,51.214,IEEE
159,A study of the conditions and mechanism of the diphenylamine reaction for the colorimetric estimation of deoxyribonucleic acid,Biochemistry,,,,,,,,,,,,,,1.19,1.93,2.26,2.37,2.34,2.24,2.09,1.94,1.78,1.63,1.5,1.36,665.51,13,51.193000000000005,Portland Press Ltd
160,Table of isotopes,Atomic physics,,,,,,,,,,,,,0.47,1.7,2.02,2.31,2.23,2.13,2.02,1.87,1.73,1.62,1.51,1.39,1.26,713.6519999999999,14,50.975,John Wiley
161,Probability  random variables  and stochastic processes,Independent and identically distributed random variables,,,,,,,,,,,,,,,,0.96,1.48,1.78,1.91,2.04,2.09,2.1,2.07,1.99,1.83,558.056,11,50.732,McGraw-Hill
162,New Directions in Cryptography,Computer Science,,,,,,,,,,,,,,,,,,1.12,1.66,1.98,2.21,2.36,2.45,2.4,2.22,455.898,9,50.655,IEEE
163,Self-organizing maps,Neural gas,,,,,,,,,,,,,,,,,,,,,,2.89,3.31,3.27,3.02,253.2,5,50.64,"Springer-Verlag New York, Inc."
164,An inventory for measuring depression,Psychology,,,,,,,,,,,,,,,,,1.07,1.64,1.97,2.15,2.24,2.24,2.22,2.17,2.02,505.499,10,50.55,American Medical Association
165,Ad hoc On-Demand Distance Vector (AODV) Routing,Vehicular ad hoc network,,,,,,,,,,,,,,,,,,,,,,,3.32,3.55,3.3,201.842,4,50.461000000000006,RFC Editor
166,Equation of state calculations by fast computing machines,Direct simulation Monte Carlo,,,,,,,,,,,,,,,,0.71,1.03,1.52,1.91,2.07,2.1,2.08,2.05,1.99,1.85,554.552,11,50.413999999999994,AIP Publishing
167,Electronic Transport in Mesoscopic Systems,Quantum Hall effect,,,,,,,,,,,,,,,,,,,,,,2.69,3.29,3.28,3.03,250.93400000000003,5,50.187,American Institute of Physics
168,The physics of liquid crystals,Liquid crystal,,,,,,,,,,,,,,,,,1.31,1.96,2.12,2.21,2.29,2.29,2.25,2.14,1.96,501.855,10,50.18600000000001,American Institute of Physics
169,Electron paramagnetic resonance of transition ions,Ferromagnetic resonance,,,,,,,,,,,,,,,,,,,,,,,,3.88,3.56,150.37,3,50.123000000000005,Oxford University Press
170,Capacity of multi-antenna Gaussian channels,Telecommunications,,,,,,,,,,,,,,,,,,,,,,2.41,3.23,3.31,3.07,249.953,5,49.99100000000001,"Wiley Subscription Services, Inc., A Wiley Company"
171,Diffusion of Innovations,Product innovation,,,,,,,,,,,,,,,,,,1.32,1.56,1.74,1.93,2.18,2.37,2.44,2.29,449.249,9,49.917,Free Press
172,Introduction to percolation theory,Statistical physics,,,,,,,,,,,,,,,,,,,,2.07,2.59,2.87,2.87,2.75,2.53,347.75199999999995,7,49.678999999999995,American Institute of Physics
173,A New Approach to Linear Filtering and Prediction Problems,Mathematical optimization,,,,,,,,,,,,,,,1.48,2.0,2.07,2.05,2.02,1.97,1.89,1.83,1.83,1.8,1.67,595.719,12,49.643,American Society of Mechanical Engineers
174,A rapid alkaline extraction procedure for screening recombinant plasmid DNA,Biology,,,,,,,,,,,,,,,,,,1.69,2.75,2.88,2.72,2.54,2.36,2.19,1.99,446.556,9,49.617,Oxford University Press
175,Mining association rules between sets of items in large databases,GSP Algorithm,,,,,,,,,,,,,,,,,,,,,,2.71,3.18,3.28,3.06,247.94400000000002,5,49.589,ACM
176,Eigenfaces for recognition,Face,,,,,,,,,,,,,,,,,,,,,,2.71,3.19,3.28,3.06,247.817,5,49.563,MIT Press
177,The CLUSTAL_X windows interface: flexible strategies for multiple sequence alignment aided by quality analysis tools.,Biology,,,,,,,,,,,,,,,,,,,,,,2.36,3.17,3.29,3.09,247.485,5,49.497,Oxford University Press
178,The neutral theory of molecular evolution.,Molecular evolution,,,,,,,,,,,,,,,,,,,,1.67,2.23,2.68,2.85,2.81,2.6,345.708,7,49.387,Cambridge University Press
179,A SIMPLE EFFICIENT LIQUID SCINTILLATOR FOR COUNTING AQUEOUS SOLUTIONS IN A LIQUID SCINTILLATION COUNTER,Aqueous solution,,,,,,,,,,,,,,,2.1,2.76,2.81,2.66,2.46,2.26,2.06,1.88,1.71,1.56,1.42,591.677,12,49.306000000000004,Academic Press
180,The discovery of grounded theory : strategies for qualitative research,Psychology,,,,,,,,,,,,,,,,,,,1.39,1.79,2.12,2.36,2.54,2.63,2.47,394.26800000000003,8,49.283,Weidenfeld and Nicolson
181,Applied multiple regression/correlation analysis for the behavioral sciences,Segmented regression,,,,,,,,,,,,,,,,,,1.61,2.12,2.34,2.38,2.36,2.37,2.34,2.18,442.11800000000005,9,49.123999999999995,"Lawrence Erlbaum Associates , Distributed by Halsted Press Division of John Wiley"
182,Introduction to Automata Theory  Languages and Computability,Formal language,,,,,,,,,,,,,,,,,,,,,,3.27,3.29,3.18,2.93,245.16299999999998,5,49.033,"Addison-Wesley Longman Publishing Co., Inc."
183,Processing of X-ray diffraction data collected in oscillation mode,Crystallography,,,,,,,,,,,,,,,,,,,,,,2.97,3.2,3.23,3.01,244.362,5,48.872,Academic Press Inc.
184,Support-Vector Networks,Semi-supervised learning,,,,,,,,,,,,,,,,,,,,,,,3.11,3.49,3.35,194.02,4,48.505,Kluwer Academic Publishers
185,The competitive advantage of nations,Economics,,,,,,,,,,,,,,,,,,,,1.79,2.41,2.65,2.78,2.8,2.6,339.039,7,48.434,Free Press
186,The principles of nonlinear optics,Waveguide,,,,,,,,,,,,,,,,,,,,,,3.3,3.31,3.15,2.9,241.63,5,48.326,Wiley-Interscience
187,Radiation Detection and Measurement,X-ray detector,,,,,,,,,,,,,,,,,,,,,,,,3.83,3.55,144.888,3,48.29600000000001,Wiley
188,Remington's pharmaceutical sciences,Library science,,,,,,,,,,,,,,,,,,,,1.72,2.01,2.41,2.63,2.87,2.65,334.773,7,47.825,Mack Pub. Co.
189,IMPROVEMENTS IN EPOXY RESIN EMBEDDING METHODS,Epoxy,,,,,,,,,,,,,,0.9,2.15,2.47,2.48,2.37,2.22,2.05,1.88,1.73,1.58,1.45,1.32,620.9580000000001,13,47.766000000000005,The Rockefeller University Press
190,Physical properties of crystals,Physical property,,,,,,,,,,,,,,,,,,,2.89,2.85,2.77,2.66,2.54,2.4,2.2,380.658,8,47.582,Clarendon Press
191,The theory of polymer dynamics,Materials Science,,,,,,,,,,,,,,,,,,,,1.71,2.49,2.79,2.85,2.74,2.53,332.45,7,47.493,Oxford University Press
192,Linkage disequilibrium and fingerprinting in sugar beet,Linkage disequilibrium,,,,,,,,,,,,,,,,,,,,,,,3.02,3.57,3.27,189.699,4,47.425,Springer
193,GLOBAL CANCER STATISTICS,Medicine,,,,,,,,,,,,,,,,,,,,,,,,3.65,3.64,142.086,3,47.361999999999995,CA: A CANCER JOURNAL FOR CLINICIANS
194,A survey on sensor networks,Wireless sensor network,,,,,,,,,,,,,,,,,,,,,,,3.13,3.51,3.29,189.389,4,47.347,IEEE
195,A treatise on the theory of Bessel functions,Particle in a spherically symmetric potential,,,,,,,,,,,0.84,1.22,1.53,1.74,1.85,1.86,1.79,1.71,1.61,1.51,1.42,1.33,1.24,1.16,1.07,756.1519999999999,16,47.26,Cambridge University Press
196,Optical coherence and quantum optics,Coherence theory,,,,,,,,,,,,,,,,,,,,,,3.0,3.28,3.19,2.93,235.707,5,47.141000000000005,American Institute of Physics
197,Communicating sequential processes,Procedure,,,,,,,,,,,,,,,,,,1.64,2.35,2.62,2.58,2.47,2.37,2.23,2.04,422.721,9,46.968999999999994,ACM
198,Judgment under Uncertainty: Heuristics and Biases,Social heuristics,,,,,,,,,,,,,,,,,,1.57,2.06,2.26,2.32,2.33,2.34,2.32,2.16,419.074,9,46.56399999999999,American Association for the Advancement of Science
199,Nucleic acid and protein sequence analysis : a practical approach,Biology,,,,,,,,,,,,,,,,,,,,,,2.84,3.18,3.2,2.98,232.05,5,46.41,IRL Press
200,Generalized Linear Models,Econometrics,,,,,,,,,,,,,,,,,,,,2.05,2.47,2.67,2.76,2.74,2.55,324.76099999999997,7,46.394,Chapman and Hall
201,Methods of biochemical analysis,Biology,,,,,,,,,,,,,,,,2.97,2.9,2.78,2.58,2.39,2.2,2.02,1.85,1.7,1.55,509.73400000000004,11,46.339,"John Wiley & Sons, Inc."
202,Applied linear statistical models,Econometrics,,,,,,,,,,,,,,,,,,,,,2.92,2.97,2.97,2.9,2.69,277.941,6,46.324,McGraw-Hill Irwin
203,To Err Is Human Building a Safer Health System,Health policy,,,,,,,,,,,,,,,,,,,,,,2.45,3.12,3.23,3.04,231.27700000000002,5,46.255,National Academies Press (US)
204,Confidence limits on phylogenies: an approach using the bootstrap,Confidence interval,,,,,,,,,,,,,,,,,,,,,2.1,2.7,2.94,2.98,2.8,277.499,6,46.25,EVOLUTION
205,THEORY OF PLATES AND SHELLS,Materials Science,,,,,,,,,,,,,0.78,1.28,1.74,1.87,1.89,1.88,1.85,1.78,1.68,1.59,1.51,1.42,1.31,646.481,14,46.177,McGraw-Hill
206,Energy-efficient communication protocol for wireless microsensor networks,Communications protocol,,,,,,,,,,,,,,,,,,,,,,,3.1,3.47,3.28,184.118,4,46.03,IEEE
207,Ab initio molecular orbital theory,Chemistry,,,,,,,,,,,,,,,,,,,,1.73,2.6,2.81,2.79,2.7,2.51,321.659,7,45.951,Wiley
208,C4.5: Programs for Machine Learning,Computer Science,,,,,,,,,,,,,,,,,,,,,,2.77,3.15,3.2,2.99,229.669,5,45.934,Morgan Kaufmann Publishers Inc.
209,Determination of serum proteins by means of the biuret reaction.,Chromatography,,,,,,,,,,,,,0.5,1.29,1.79,2.07,2.13,2.07,1.97,1.84,1.71,1.59,1.47,1.36,1.24,642.784,14,45.913000000000004,American Society for Biochemistry and Molecular Biology
210,Chord: a scalable peer-to-peer lookup protocol for Internet applications,Communications protocol,,,,,,,,,,,,,,,,,,,,,,2.25,3.22,3.25,2.99,229.322,5,45.864,IEEE
211,The Seventh Report of the Joint National Committee on Prevention  Detection  Evaluation  and Treatment of High Blood Pressure: The JNC 7 Report,Evidence-based medicine,,,,,,,,,,,,,,,,,,,,,,,3.18,3.46,3.26,183.455,4,45.864,American Medical Association
212,Wireless sensor networks: a survey,Sensor web,,,,,,,,,,,,,,,,,,,,,,,3.04,3.47,3.29,183.372,4,45.843,"Elsevier North-Holland, Inc."
213,Pattern Recognition with Fuzzy Objective Function Algorithms,Feature,,,,,,,,,,,,,,,,,,,,,2.41,2.75,2.97,2.96,2.75,274.957,6,45.826,Kluwer Academic Publishers
214,Discrete-time signal processing,Multidimensional signal processing,,,,,,,,,,,,,,,,,,,,,2.5,2.85,3.01,2.94,2.72,274.949,6,45.825,Prentice Hall
215,Time-harmonic electromagnetic fields,Mathematical analysis,,,,,,,,,,,,,,,,,,,,,,3.35,3.26,3.1,2.84,228.842,5,45.768,McGraw-Hill
216,Handbook on the physics and chemistry of rare earths,Chemistry,,,,,,,,,,,,,,,,,,1.32,1.88,2.04,2.38,2.45,2.42,2.29,2.1,411.38199999999995,9,45.708999999999996,"North-Holland , Sole distributors for the USA and Canada, Elsevier Science"
217,Near Shannon limit error-correcting coding and decoding: Turbo-codes. 1,Turbo code,,,,,,,,,,,,,,,,,,,,,2.03,2.91,3.06,2.95,2.7,273.944,6,45.657,IEEE
218,High resolution two-dimensional electrophoresis of proteins.,Biology,,,,,,,,,,,,,,,,,1.07,2.3,2.59,2.56,2.43,2.28,2.13,1.98,1.8,455.88800000000003,10,45.589,NIH Public Access
219,MapReduce: simplified data processing on large clusters,Parallel computing,,,,,,,,,,,,,,,,,,,,,,,,3.86,3.42,136.493,3,45.498000000000005,ACM
220,MapReduce: simplified data processing on large clusters,Parallel computing,,,,,,,,,,,,,,,,,,,,,,,,3.86,3.42,136.493,3,45.498000000000005,USENIX Association
221,Self-organization and associative memory,Computer simulation,,,,,,,,,,,,,,,,,,,,2.71,2.9,2.86,2.77,2.61,2.4,317.652,7,45.379,Springer-Verlag
222,System identification: theory for the user,Dynamical systems theory,,,,,,,,,,,,,,,,,,,,1.67,2.37,2.67,2.79,2.74,2.53,317.418,7,45.345,Prentice-Hall
223,RTP: A Transport Protocol for Real-Time Applications,Real-time data,,,,,,,,,,,,,,,,,,,,,,3.01,3.24,3.16,2.89,226.421,5,45.284,RFC Editor
224,Electric Field Effect in Atomically Thin Carbon Films,Electron mobility,,,,,,,,,,,,,,,,,,,,,,,,3.56,3.63,135.309,3,45.103,American Association for the Advancement of Science
225,Quantum Field Theory,S-matrix,,,,,,,,,,,,,,,,,,,1.64,2.17,2.67,2.7,2.6,2.44,2.23,360.223,8,45.028,American Institute of Physics
226,Physical Chemistry of Surfaces,Chemistry,,,,,,,,,,,,,,,,,1.73,2.0,2.1,2.14,2.2,2.22,2.18,2.08,1.92,449.164,10,44.916000000000004,Wiley
227,Basics of qualitative research : grounded theory procedures and techniques,Social science,,,,,,,,,,,,,,,,,,,,,,2.72,3.08,3.19,2.99,224.484,5,44.897,Sage Publications
228,UCI Repository of Machine Learning Databases,Computer Science,,,,,,,,,,,,,,,,,,,,,,2.56,3.2,3.19,2.97,224.44799999999998,5,44.89,"University of California, Department of Information"
229,The MOS 36-item short-form health survey (SF-36). I. Conceptual framework and item selection.,Health policy,,,,,,,,,,,,,,,,,,,,,1.85,2.56,2.88,2.98,2.82,269.04,6,44.84,Med Care
230,Ad-hoc on-demand distance vector routing,Policy-based routing,,,,,,,,,,,,,,,,,,,,,,2.06,3.07,3.25,3.02,223.75099999999998,5,44.75,IEEE
231,Practical Statistics for Medical Research,Medicine,,,,,,,,,,,,,,,,,,,,,,,3.37,3.39,3.18,177.979,4,44.495,Chapman & Hall/CRC
232,Less-than-Additive Epistatic Interactions of Quantitative Trait Loci in Tomato,Heterozygote advantage,,,,,,,,,,,,,,,,,,,,,,,2.96,3.52,3.22,177.725,4,44.431000000000004,Genetics Society of America
233,Quantum Phase Transitions,Quantum electrodynamics,,,,,,,,,,,,,,,,,,,,,,2.49,3.21,3.2,2.95,221.947,5,44.388999999999996,Cambridge University Press
234,A Simplex Method for Function Minimization,Computer Science,,,,,,,,,,,,,,,,0.79,1.35,1.71,1.95,2.05,2.05,2.01,1.98,1.92,1.78,487.36699999999996,11,44.306000000000004,Oxford University Press
235,WinGX suite for small-molecule single-crystal crystallography,Microsoft Windows,,,,,,,,,,,,,,,,,,,,,,,3.16,3.46,3.2,177.21599999999998,4,44.303999999999995,International Union of Crystallography
236,Free radicals in biology and medicine,Biology,,,,,,,,,,,,,,,,,,,,,2.48,2.81,2.91,2.93,2.72,264.863,6,44.144,Oxford University Press
237,Multiple view geometry in computer vision,Computer vision,,,,,,,,,,,,,,,,,,,,,,,3.17,3.44,3.22,176.34,4,44.085,Cambridge University Press
238,Genetic Algorithms in Search,Quality control and genetic algorithms,,,,,,,,,,,,,,,,,,,,,2.45,2.83,2.98,2.91,2.69,264.04200000000003,6,44.007,Addison Wesley Publishing Co. Inc.
239,Controlling the False Discovery Rate: a Practical and Powerful Approach to Multiple Testing,Econometrics,,,,,,,,,,,,,,,,,,,,,,,2.82,3.39,3.33,175.34799999999998,4,43.836999999999996,Royal Statistical Society
240,Emergence of scaling in random networks,Probability distribution,,,,,,,,,,,,,,,,,,,,,,,3.0,3.41,3.28,175.13400000000001,4,43.784,American Association for the Advancement of Science
241,The CES-D Scale A Self-Report Depression Scale for Research in the General Population,Psychology,,,,,,,,,,,,,,,,,,,,1.62,2.14,2.44,2.66,2.75,2.6,306.28700000000003,7,43.755,SAGE Publications
242,A wavelet tour of signal processing,Wavelet,,,,,,,,,,,,,,,,,,,,,,2.43,3.13,3.19,2.97,218.611,5,43.722,Academic Press
243,The Statistical Analysis of Failure Time Data,Econometrics,,,,,,,,,,,,,,,,,,,1.83,2.25,2.42,2.5,2.52,2.47,2.3,349.37300000000005,8,43.672,Taylor & Francis Group
244,Introduction to quantitative genetics.,Biology,,,,,,,,,,,,,,,,,,2.16,2.3,2.38,2.38,2.36,2.31,2.24,2.06,392.291,9,43.588,Longman.
245,Measuring the efficiency of decision making units,Mathematical optimization,,,,,,,,,,,,,,,,,,,,,1.98,2.44,2.79,2.99,2.81,261.051,6,43.508,Elsevier
246,Mind in society: The development of higher psychological processes,Library science,,,,,,,,,,,,,,,,,,,,,2.13,2.56,2.85,2.96,2.78,260.793,6,43.466,Harvard University Press
247,Methods of Mathematical Physics,Statistical physics,,,,,,,,,,,,-0.04,0.66,1.18,1.6,1.76,1.78,1.75,1.67,1.59,1.51,1.44,1.37,1.29,1.18,651.341,15,43.423,American Institute of Physics
248,Methods of Mathematical Physics,Statistical physics,,,,,,,,,,,,-0.04,0.66,1.18,1.6,1.76,1.78,1.75,1.67,1.59,1.51,1.44,1.37,1.29,1.18,651.341,15,43.423,American Institute of Physics
249,The anatomy of a large-scale hypertextual Web search engine,Search engine indexing,,,,,,,,,,,,,,,,,,,,,,2.4,3.04,3.2,2.99,216.692,5,43.338,Elsevier
250,Theory of dislocations,Crystallography,,,,,,,,,,,,,,,,1.43,1.97,2.14,2.14,2.15,2.11,2.06,1.96,1.85,1.7,476.546,11,43.321999999999996,"New York., Mcgraw Hill Book Company"
251,Nonlinear oscillations  dynamical systems  and bifurcations of vector fields,Vector field,,,,,,,,,,,,,,,,,,,1.89,2.41,2.55,2.58,2.55,2.43,2.24,345.99300000000005,8,43.248999999999995,Springer
252,Artificial intelligence: a modern approach,Opportunistic reasoning,,,,,,,,,,,,,,,,,,,,,,2.48,3.1,3.19,2.95,216.043,5,43.208999999999996,Prentice Hall
253,Photonic crystals : molding the flow of light,Crystallography,,,,,,,,,,,,,,,,,,,,,,,3.35,3.39,3.14,172.217,4,43.053999999999995,Princeton University Press
254,Dynamic source routing in ad hoc wireless networks,Vehicular ad hoc network,,,,,,,,,,,,,,,,,,,,,,2.24,3.07,3.21,2.98,215.255,5,43.051,Springer US
255,Science of fullerenes and carbon nanotubes,Materials Science,,,,,,,,,,,,,,,,,,,,,,2.92,3.15,3.12,2.9,215.173,5,43.035,Academic Press
256,Review of particle properties,Text mining,,,,,,,,,,,,,,,,,,,,3.01,3.11,2.92,2.7,2.48,2.26,300.846,7,42.978,Phys Rev D Part Fields
257,The Analytic Hierarchy Process,Analytical hierarchy,,,,,,,,,,,,,,,,,,,,,2.1,2.46,2.82,2.97,2.78,256.906,6,42.818000000000005,Springer Berlin Heidelberg
258,Annual review of psychology,Psychology,,,,,,,,,,,,,,,,,,,2.01,2.39,2.49,2.47,2.47,2.46,2.28,342.333,8,42.792,Annual Reviews
259,Social foundations of thought and action: A social cognitive theory.,Social cognition,,,,,,,,,,,,,,,,,,,,,2.21,2.56,2.82,2.94,2.77,256.286,6,42.714,Prentice-Hall
260,Chemical reaction engineering,Design,,,,,,,,,,,,,,,,,,,,,3.07,2.99,2.91,2.8,2.59,255.80200000000002,6,42.63399999999999,American Chemical Society
261,Low-density parity-check codes,List decoding,,,,,,,,,,,,,,,,,,,,,,2.4,3.1,3.18,2.95,213.11700000000002,5,42.623000000000005,IEEE
262,Prospect Theory: An Analysis of Decision Under Risk,Prospect theory,,,,,,,,,,,,,,,,,,,1.5,1.9,2.08,2.27,2.44,2.53,2.39,340.898,8,42.611999999999995,Econometric Society
263,SIP: Session Initiation Protocol,Session Description Protocol,,,,,,,,,,,,,,,,,,,,,,2.39,3.22,3.17,2.9,213.05900000000003,5,42.611999999999995,RFC Editor
264,Out of the Crisis,Engineering,,,,,,,,,,,,,,,,,,,,,,3.13,3.11,3.09,2.86,212.665,5,42.533,The MIT Press
265,A new look at the statistical model identification,Stochastic process,,,,,,,,,,,,,,,,,,1.26,1.74,1.97,2.14,2.2,2.28,2.31,2.17,382.418,9,42.49100000000001,IEEE
266,MEGA4: Molecular Evolutionary Genetics Analysis (MEGA) Software Version 4.0,Biology,,,,,,,,,,,,,,,,,,,,,,,,3.67,3.47,126.78,3,42.26,Oxford University Press
267,The properties of gases and liquids,Surface tension,,,,,,,,,,,,,,,,,1.16,1.66,1.92,2.04,2.14,2.18,2.16,2.07,1.91,420.24699999999996,10,42.025,McGraw-Hill
268,Organic electroluminescent diodes,Quantum efficiency,,,,,,,,,,,,,,,,,,,,,2.07,2.77,2.95,2.9,2.68,251.80200000000002,6,41.967,American Institute of Physics
269,Induction of Decision Trees,Influence diagram,,,,,,,,,,,,,,,,,,,,2.03,2.47,2.61,2.7,2.67,2.48,293.496,7,41.928000000000004,Kluwer Academic Publishers
270,Encyclopedia of chemical technology,Library science,,,,,,,,,,,,,-0.01,0.18,0.44,0.97,1.36,1.58,1.68,1.68,1.65,1.58,1.51,1.45,1.33,586.543,14,41.896,John Wiley
271,Use of avidin-biotin-peroxidase complex (ABC) in immunoperoxidase techniques: a comparison between ABC and unlabeled antibody (PAP) procedures.,Biology,,,,,,,,,,,,,,,,,,,2.27,2.7,2.74,2.64,2.49,2.33,2.13,334.445,8,41.806000000000004,SAGE Publications
272,An improved technique for determining hardness and elastic modulus using load and displacement sensing indentation experiments,Materials Science,,,,,,,,,,,,,,,,,,,,,,2.69,3.05,3.12,2.94,209.011,5,41.802,Cambridge University Press
273,Quantum Fields in Curved Space,Classical mechanics,,,,,,,,,,,,,,,,,,,1.54,2.11,2.51,2.58,2.55,2.42,2.23,334.37699999999995,8,41.797,Cambridge University Press
274,A low-viscosity epoxy resin embedding medium for electron microscopy.,Biology,,,,,,,,,,,,,,,,1.35,2.18,2.43,2.43,2.34,2.19,2.03,1.89,1.74,1.59,459.20099999999996,11,41.746,J Ultrastruct Res
275,Genetic algorithms + data structures=evolution programs,Mathematical optimization,,,,,,,,,,,,,,,,,,,,,2.12,2.75,2.96,2.89,2.67,250.076,6,41.678999999999995,Springer-Verlag
276,Self-efficacy : the exercise of control,Psychology,,,,,,,,,,,,,,,,,,,,,,,3.0,3.38,3.22,166.521,4,41.63,W.H. Freeman
277,Fundamental statistics in psychology and education,Psychology,,,,,,,,,,,,,,,,,2.81,2.7,2.56,2.41,2.26,2.12,2.01,1.92,1.78,414.36300000000006,10,41.43600000000001,McGraw-Hill
278,Practical methods for computing power in testing the multivariate general linear hypothesis,Multivariate analysis of variance,,,,,,,,,,,,,,,,,,,1.47,1.85,2.1,2.27,2.44,2.51,2.37,331.2,8,41.4,Elsevier
279,Scheduling Algorithms for Multiprogramming in a Hard-Real-Time Environment,Fair-share scheduling,,,,,,,,,,,,,,,,,,,,2.03,2.54,2.69,2.72,2.64,2.44,289.22900000000004,7,41.318000000000005,ACM
280,Mathematical analysis of random noise,Combinatorics,,,,,,,,,,,-0.32,0.75,1.39,1.7,1.84,1.81,1.72,1.63,1.54,1.45,1.36,1.28,1.21,1.14,1.05,659.925,16,41.245,Alcatel-Lucent
281,Comprehensive heterocyclic chemistry II,Stereochemistry,,,,,,,,,,,,,,,,,,,,,1.97,2.68,2.87,2.92,2.7,247.125,6,41.188,Pergamon
282,Design and analysis of randomized clinical trials requiring prolonged observation of each patient. II. analysis and examples.,Alternative medicine,,,,,,,,,,,,,,,,,,1.9,2.32,2.43,2.42,2.36,2.29,2.18,2.01,370.036,9,41.115,Nature Publishing Group
283,Singular Integral Equations,Regular singular point,,,,,,,,,,,,,,,,,2.63,2.6,2.53,2.44,2.31,2.18,2.05,1.9,1.74,410.816,10,41.082,Springer Netherlands
284,Theory of Simple Liquids,Statistical physics,,,,,,,,,,,,,,,,,,,1.76,2.09,2.37,2.55,2.55,2.42,2.23,327.98,8,40.997,American Institute of Physics
285,Rapid object detection using a boosted cascade of simple features,AdaBoost,,,,,,,,,,,,,,,,,,,,,,,2.85,3.38,3.23,163.988,4,40.997,IEEE
286,Probabilistic Reasoning in Intelligent Systems: Networks of Plausible Inference,Intelligent decision support system,,,,,,,,,,,,,,,,,,,,1.54,2.17,2.51,2.71,2.7,2.5,286.736,7,40.961999999999996,Morgan Kaufmann Publishers Inc.
287,Estimating the Dimension of a Model,Sufficient dimension reduction,,,,,,,,,,,,,,,,,,,,1.66,2.07,2.39,2.61,2.71,2.56,286.246,7,40.891999999999996,Institute of Mathematical Statistics
288,Principal Component Analysis,Econometrics,,,,,,,,,,,,,,,,,,,,,1.77,2.36,2.8,2.94,2.77,245.002,6,40.834,"John Wiley & Sons, Ltd"
289,Cooperative diversity in wireless networks: Efficient protocols and outage behavior,Wireless ad hoc network,,,,,,,,,,,,,,,,,,,,,,,2.82,3.41,3.21,162.80700000000002,4,40.702,IEEE
290,Latent dirichlet allocation,Latent class model,,,,,,,,,,,,,,,,,,,,,,,,3.49,3.53,122.042,3,40.681,JMLR.org
291,A new method of classifying prognostic comorbidity in longitudinal studies: development and validation.,Psychiatry,,,,,,,,,,,,,,,,,,,,,,2.14,2.75,3.13,3.06,203.17700000000002,5,40.635,Elsevier
292,Categorical data analysis,Econometrics,,,,,,,,,,,,,,,,,,,,,,2.77,3.03,3.1,2.9,202.93900000000002,5,40.588,Springer Berlin Heidelberg
293,The Kondo problem to heavy fermions,Fermi liquid theory,,,,,,,,,,,,,,,,,,,,,,2.76,3.15,3.09,2.85,202.63,5,40.525999999999996,Cambridge University Press
294,Statistical Aspects of the Analysis of Data From Retrospective Studies of Disease,Gerontology,,,,,,,,,,,,,,,,,1.29,1.83,2.12,2.19,2.19,2.14,2.09,2.03,1.88,404.471,10,40.446999999999996,Oxford University Press
295,Cluster analysis and display of genome-wide expression patterns,Biology,,,,,,,,,,,,,,,,,,,,,,2.55,3.06,3.11,2.91,201.662,5,40.332,National Academy of Sciences
296,Perceived usefulness  perceived ease of use  and user acceptance of information technology,Computer Science,,,,,,,,,,,,,,,,,,,,,,,2.87,3.36,3.22,161.224,4,40.306,Society for Information Management and The Management Information Systems Research Center
297,On the capacity of a cellular CDMA system,Cellular network,,,,,,,,,,,,,,,,,,,,1.95,2.72,2.84,2.74,2.57,2.34,282.087,7,40.298,IEEE
298,Firm Resources and Sustained Competitive Advantage,Industrial organization,,,,,,,,,,,,,,,,,,,,,,2.22,2.87,3.16,2.98,201.43599999999998,5,40.287,"Sage PublicationsSage CA: Thousand Oaks, CA"
299,Angular momentum in quantum mechanics,Classical mechanics,,,,,,,,,,,,,,1.23,1.96,2.13,2.15,2.09,2.0,1.89,1.78,1.67,1.57,1.46,1.33,522.711,13,40.209,Princeton University Press
300,Metaphors we live by,Humanities,,,,,,,,,,,,,,,,,,,,,,2.83,3.01,3.08,2.89,200.93099999999998,5,40.186,University of Chicago Press
301,The theory of error-correcting codes,Block code,,,,,,,,,,,,,,,,,,,1.83,2.28,2.47,2.5,2.49,2.4,2.22,320.863,8,40.108000000000004,North-Holland Publishing
302,Outline of a New Approach to the Analysis of Complex Systems and Decision Processes,Fuzzy logic,,,,,,,,,,,,,,,,,,1.21,1.75,2.26,2.4,2.36,2.3,2.2,2.03,360.871,9,40.097,IEEE
303,Note on the Free Volume Equation of State for Hard Spheres,Statistical physics,,,,,,,,,,,,,,,0.38,0.79,1.0,1.36,1.67,1.81,1.84,1.82,1.79,1.74,1.62,480.98199999999997,12,40.082,American Institute of PhysicsAIP
304,Overview of the H.264/AVC video coding standard,Data compression,,,,,,,,,,,,,,,,,,,,,,,3.04,3.37,3.15,160.269,4,40.067,IEEE
305,Mechanics of composite materials,Nonlinear system,,,,,,,,,,,,,,,,,,1.54,2.04,2.31,2.4,2.36,2.28,2.19,2.02,359.782,9,39.976,American Society of Mechanical Engineers
306,Optical properties of metal clusters,Chemistry,,,,,,,,,,,,,,,,,,,,,,2.42,2.98,3.12,2.94,199.639,5,39.928000000000004,Springer Berlin Heidelberg
307,The finite element method for elliptic problems,hp-FEM,,,,,,,,,,,,,,,,,,,,,,3.16,3.12,3.0,2.79,199.639,5,39.928000000000004,American Society of Mechanical Engineers
308,Data Mining: Practical Machine Learning Tools and Techniques,Instance-based learning,,,,,,,,,,,,,,,,,,,,,,,,3.61,3.43,119.779,3,39.926,Elsevier MK
309,The Friction and Lubrication of Solids,Lubrication,,,,,,,,,,,,-0.11,1.12,1.53,1.76,1.87,1.81,1.73,1.63,1.54,1.47,1.4,1.33,1.25,1.15,598.614,15,39.908,American Association of Physics Teachers
310,The capacity of wireless networks,Wireless ad hoc network,,,,,,,,,,,,,,,,,,,,,,,3.13,3.35,3.12,159.444,4,39.861,IEEE
311,Multivariate data analysis,Econometrics,,,,,,,,,,,,,,,,,,,,,,2.07,2.77,3.16,3.01,199.075,5,39.815,Prentice-Hall
312,Multivariate data analysis,Econometrics,,,,,,,,,,,,,,,,,,,,,,2.07,2.77,3.16,3.01,199.075,5,39.815,Taylor & Francis Group
313,Introduction to Modern Information Retrieval,Natural language processing,,,,,,,,,,,,,,,,,,,,1.61,2.13,2.52,2.7,2.67,2.48,278.66900000000004,7,39.81,McGraw-Hill
314,Applied nonlinear control,Control engineering,,,,,,,,,,,,,,,,,,,,,2.16,2.61,2.88,2.87,2.67,238.84099999999998,6,39.806999999999995,Prentice Hall
315,Iterative solution of nonlinear equations in several variables,Local convergence,,,,,,,,,,,,,,,,,,,,,,3.25,3.13,2.98,2.75,198.604,5,39.721,Society for Industrial and Applied Mathematics
316,Generalized Expectancies for Internal versus External Control of Reinforcement,Psychology,,,,,,,,,,,,,,,,1.83,2.32,2.41,2.33,2.21,2.08,1.95,1.85,1.76,1.63,436.79699999999997,11,39.709,Psychol Monogr
317,Convergence of probability measures,Convex metric space,,,,,,,,,,,,,,,,1.09,1.66,2.01,2.12,2.11,2.05,1.98,1.91,1.83,1.69,436.642,11,39.695,Wiley
318,Experimental design : procedures for the behavioral sciences,Econometrics,,,,,,,,,,,,,,,,,,,,,,,,3.67,3.37,118.92200000000001,3,39.641,Brooks/Cole Pub. Co
319,Density Functional Theory,Computational chemistry,,,,,,,,,,,,,,,,,,,,,,2.39,2.86,3.08,3.0,197.773,5,39.555,Springer
320,The theory of matrices,Matrix analysis,,,,,,,,,,,,,,0.28,1.19,1.65,1.82,1.87,1.88,1.84,1.77,1.69,1.61,1.51,1.39,513.967,13,39.536,Chelsea Pub. Co.
321,The theory of planned behavior,Attitude,,,,,,,,,,,,,,,,,,,,,,,2.76,3.32,3.24,157.66299999999998,4,39.416,Elsevier
322,Random sample consensus: a paradigm for model fitting with applications to image analysis and automated cartography,Matching,,,,,,,,,,,,,,,,,,,,,,2.19,2.8,3.13,2.99,196.80200000000002,5,39.36,ACM
323,Institutions  institutional change and economic performance,Economics,,,,,,,,,,,,,,,,,,,,,,2.58,2.99,3.09,2.9,196.65900000000002,5,39.332,Cambridge University Press
324,Partial Differential Equations,Symbol of a differential operator,,,,,,,,,,,,,,,,1.8,1.92,1.97,2.01,2.01,1.95,1.92,1.9,1.85,1.72,432.43699999999995,11,39.312,American Mathematical Society
325,Manual of clinical microbiology,Biology,,,,,,,,,,,,,,,,,,,,,2.18,2.64,2.85,2.87,2.66,235.703,6,39.284,ASM Press
326,Performance analysis of the IEEE 802.11 distributed coordination function,Carrier sense multiple access with collision avoidance,,,,,,,,,,,,,,,,,,,,,,,3.14,3.33,3.11,156.99,4,39.248000000000005,IEEE
327,Theory of ordinary differential equations,Differential equation,,,,,,,,,,,,,,1.22,1.93,2.16,2.17,2.09,2.01,1.88,1.76,1.65,1.55,1.45,1.33,509.338,13,39.18,McGraw-Hill
328,Practical methods of optimization,Probabilistic-based design optimization,,,,,,,,,,,,,,,,,,,,,,,,3.64,3.38,117.476,3,39.159,Wiley
329,THE KNOWLEDGE-CREATING COMPANY,Public Relations,,,,,,,,,,,,,,,,,,,,,,2.66,3.05,3.08,2.86,195.495,5,39.099000000000004,Harvard Business School Publishing Corporation
330,Multilayer feedforward networks are universal approximators,Discrete mathematics,,,,,,,,,,,,,,,,,,,,1.88,2.52,2.64,2.67,2.6,2.42,273.598,7,39.085,Elsevier Science Ltd.
331,Econometric Analysis of Cross Section and Panel Data,Econometrics,,,,,,,,,,,,,,,,,,,,,,,,3.58,3.42,117.068,3,39.023,The MIT Press
332,The Computer for the 21st Century,Computer literacy,,,,,,,,,,,,,,,,,,,,,,2.41,3.01,3.1,2.9,194.78799999999998,5,38.958,Nature Publishing Group
333,Computer graphics : principles and practice,Computer vision,,,,,,,,,,,,,,,,,,,,1.67,2.66,2.76,2.72,2.57,2.35,271.812,7,38.83,Addison-Wesley
334,The Mathematical Theory of Non-Uniform Gases,Statistical physics,,,,,,,,,,,,,,1.19,2.02,2.2,2.16,2.08,1.96,1.84,1.74,1.64,1.55,1.46,1.34,504.598,13,38.815,American Association of Physics Teachers
335,Immunochemical quantitation of antigens by single radial immunodiffusion,Biology,,,,,,,,,,,,,,,0.68,1.91,2.29,2.37,2.29,2.14,1.97,1.81,1.67,1.54,1.4,465.381,12,38.782,IMMUNOCHEMISTRY
336,Spectra of diatomic molecules,Homonuclear molecule,,,,,,,,,,,,0.11,0.89,1.44,1.76,1.93,1.93,1.85,1.75,1.63,1.51,1.4,1.29,1.18,1.07,579.5319999999999,15,38.635,Van Nostrand Reinhold
337,Introduction to Fourier optics,Fraunhofer diffraction,,,,,,,,,,,,,,,,0.94,1.71,1.92,2.0,2.05,2.01,1.96,1.92,1.84,1.68,424.664,11,38.606,American Institute of Physics
338,Introduction to statistical pattern recognition,Feature,,,,,,,,,,,,,,,,,,,,2.0,2.36,2.57,2.67,2.62,2.42,269.716,7,38.531,Academic Press
339,The measurement of meaning,Psychology,,,,,,,,,,,,,,1.21,2.0,2.25,2.24,2.14,2.01,1.87,1.73,1.61,1.52,1.44,1.33,500.89,13,38.53,University of Illinois Press
340,The Strength of Weak Ties,Network theory,,,,,,,,,,,,,,,,,,,,,1.81,2.26,2.69,2.9,2.76,231.033,6,38.505,University of Chicago Press
341,Cognitive radio: brain-empowered wireless communications,Cognitive radio,,,,,,,,,,,,,,,,,,,,,,,2.62,3.37,3.19,153.88,4,38.47,IEEE
342,Intensive blood-glucose control with sulphonylureas or insulin compared with conventional treatment and risk of complications in patients with type 2 diabetes (UKPDS 33),Endocrinology,,,,,,,,,,,,,,,,,,,,,,2.42,2.99,3.08,2.89,192.27,5,38.454,LANCET LTD
343,Meta-analysis in clinical trials.,Econometrics,,,,,,,,,,,,,,,,,,,,,2.24,2.44,2.65,2.86,2.75,230.69,6,38.448,Elsevier
344,The C# Programming Language,Fourth-generation programming language,,,,,,,,,,,,,,,,,,,2.21,2.58,2.59,2.53,2.44,2.31,2.12,307.242,8,38.405,Addison Wesley
345,Handbook of Mathematical Functions  With Formulas  Graphs  and Mathematical Tables ,Haplogroup M,,,,,,,,,,,,,,,,1.27,1.55,1.65,1.72,1.76,1.8,1.84,1.9,1.91,1.78,422.23699999999997,11,38.385,American Institute of Physics
346,The reflective practitioner : how professionals think in action,Psychology,,,,,,,,,,,,,,,,,,,,1.61,2.12,2.46,2.61,2.66,2.49,268.534,7,38.361999999999995,Ashgate
347,NMR of proteins and nucleic acids,Biochemistry,,,,,,,,,,,,,,,,,,,,1.99,2.68,2.81,2.7,2.53,2.32,268.44599999999997,7,38.349000000000004,Wiley
348,Image Analysis and Mathematical Morphology,Computer Science,,,,,,,,,,,,,,,,,,,,2.33,2.62,2.67,2.65,2.56,2.36,268.04400000000004,7,38.292,Academic Press
349,An Algorithm for Vector Quantizer Design,Statistical model,,,,,,,,,,,,,,,,,,,1.63,2.33,2.56,2.55,2.47,2.34,2.15,305.83799999999997,8,38.23,IEEE
350,Modern Aspects of Electrochemistry,Chemistry,,,,,,,,,,,,,,,,,,,,,,3.15,3.08,2.98,2.74,191.128,5,38.226,The Electrochemical Society
351,Estimation of the Concentration of Low-Density Lipoprotein Cholesterol in Plasma  Without Use of the Preparative Ultracentrifuge,Chromatography,,,,,,,,,,,,,,,,,,,1.32,1.92,2.16,2.33,2.43,2.44,2.28,305.582,8,38.198,American Association for Clinical Chemistry
352,A low-cost  high-efficiency solar cell based on dye-sensitized colloidal TiO2 films,Quantum dot solar cell,,,,,,,,,,,,,,,,,,,,,,2.13,2.7,3.11,2.99,190.792,5,38.158,Nature Publishing Group
353,Inhibited spontaneous emission in solid-state physics and electronics,Solid-state physics,,,,,,,,,,,,,,,,,,,,,,2.64,3.05,3.06,2.84,190.735,5,38.147,American Physical Society
354,On the Mechanics of Economic Development,Economics,,,,,,,,,,,,,,,,,,,,,2.15,2.6,2.8,2.85,2.65,228.68900000000002,6,38.115,Elsevier
355,Astrophysics of Gaseous Nebulae and Active Galactic Nuclei,Atomic physics,,,,,,,,,,,,,,,,,,,,,2.56,2.85,2.89,2.78,2.55,228.66,6,38.11,American Institute of Physics
356,Fast algorithms for mining association rules,FSA-Red Algorithm,,,,,,,,,,,,,,,,,,,,,,2.44,2.98,3.08,2.88,190.50900000000001,5,38.102,Morgan Kaufmann Publishers Inc.
357,Elliptic partial differential equations of second order,Elliptic boundary value problem,,,,,,,,,,,,,,,,,,,1.7,2.1,2.32,2.41,2.45,2.39,2.24,304.29400000000004,8,38.037,Springer-Verlag
358,Phase Annealing in SHELX-90: Direct Methods for Larger Structures,Direct method,,,,,,,,,,,,,,,,,,,,,2.37,3.03,2.93,2.74,2.51,228.188,6,38.031,International Union of Crystallography
359,A robust layered control system for a mobile robot,Control engineering,,,,,,,,,,,,,,,,,,,,2.02,2.61,2.7,2.68,2.56,2.35,266.095,7,38.014,IEEE
360,Improved patch-clamp techniques for high-resolution current recording from cells and cell-free membrane patches.,Biology,,,,,,,,,,,,,,,,,,,1.93,2.5,2.64,2.59,2.45,2.3,2.1,303.597,8,37.95,Pflugers Arch
361,Third Reference Catalogue of Bright Galaxies,Astronomy,,,,,,,,,,,,,,,,,,,,,2.58,2.89,2.88,2.76,2.54,227.585,6,37.931,Springer New York
362,Testing statistical hypotheses,Econometrics,,,,,,,,,,,,,,,,,,,2.75,2.69,2.57,2.45,2.37,2.28,2.11,303.244,8,37.905,Taylor & Francis Group
363,The NCEP/NCAR 40-Year Reanalysis Project,Meteorology,,,,,,,,,,,,,,,,,,,,,,2.41,2.92,3.07,2.91,189.449,5,37.89,American Meteorological Society
364,Coefficient alpha and the internal structure of tests,Sampling,,,,,,,,,,,,,,0.28,0.69,1.03,1.26,1.51,1.57,1.62,1.62,1.61,1.6,1.59,1.48,492.43800000000005,13,37.88,Springer
365,Numerical recipes in Fortran,Computational science,,,,,,,,,,,,,,,,,,,,,2.31,2.86,2.9,2.78,2.56,227.04,6,37.84,Cambridge University Press
366,Basics of qualitative research : techniques and procedures for developing grounded theory,Applied mathematics,,,,,,,,,,,,,,,,,,,,,,,2.81,3.3,3.18,151.178,4,37.794000000000004,SAGE Publications
367,Communities of practice: Learning  meaning  and identity.,Psychology,,,,,,,,,,,,,,,,,,,,,,2.06,2.91,3.1,2.92,188.49599999999998,5,37.699,Cambridge University Press
368,Cosmic Strings and Other Topological Defects,Classical mechanics,,,,,,,,,,,,,,,,,,,,,,3.11,3.12,2.96,2.72,188.204,5,37.641,Cambridge University Press
369,Field Computation by Moment Methods,Computer Science,,,,,,,,,,,,,,,,,,1.86,2.0,2.24,2.32,2.32,2.27,2.16,1.98,338.731,9,37.637,Macmillan
